,Unnamed: 0,Unnamed: 1,YSO,Nepochs,Teff,log(g) (cm/s2),veil,SB2,p,p_error,paper,q,q_err,Max (Jy/bm),x,x_err,y,y_err,Flux (Jy),Flux_err,Disk Mass (Mjup),Disk Mass err,J,J_err,H,H_err,K,K_err,W1,W1_err,W2,W2_err,W3,W3_err,W4,W4_err,[3.6],e[3.6],[4.5],e[4.5],[5.8],e[5.8],[8.0],e[8.0],[24],e[24],alpha,YSO.1,HCO+
1,2,05:34 23.86 -05:15:40.3,3.0,5.0,4280.0,3.99,0.0215,2.0,2.557,0.029,F17,0.665,0.0129,,0.0,0.0,0.0,0.0,0.000597,-10.0,0.617,-10.0,,,,,,,,,,,,,,,,,,,,,,,,,,,
2,3,05:35:28.6 -04:55:03,3.0,4.0,4700.0,4.58,0.000692,1.0,3.205,0.014,F17,1.0,-10.0,,0.0,0.0,0.0,0.0,0.000567,-10.0,0.373,-10.0,10.902,0.019,10.372,0.028,10.29,0.019,10.164,0.028,10.343,0.032,,,,,,,,,,,,,,,,,
3,4,05:34:55.63 -06:01:03.6,3.0,5.0,3820.0,4.49,0.407,2.0,2.553,0.028,F17,0.863,0.45,,0.0,0.0,0.0,0.0,0.000645,-10.0,0.669,-10.0,12.472,0.019,11.815,0.031,11.572,0.19,11.529,0.024,11.421,0.023,,,,,,,,,,,,,,,,,
4,5,05:35:03.26 -04:49:20.9,2.0,2.0,4330.0,4.34,0.709,2.0,2.555,-10.0,F17,0.464,0.0403,0.00173,0.0717,0.017,-0.067,0.014,0.00174,7.3e-05,1.8,0.08,9.959,0.019,9.078,0.03,8.51,0.019,7.705,0.027,7.26,0.021,,,,,,,,,,,,,,,,,
5,6,05:35:03.92 -05:29:03.3,2.0,5.0,4080.0,4.32,0.407,2.0,2.537,0.026,F17,0.561,0.0121,0.00173,-0.011,0.016,0.009,0.013,0.00173,6.9e-05,1.785,0.087,11.239,0.02,10.436,0.031,10.112,0.021,9.348,0.024,9.225,0.024,6.425,0.033,,,9.49,0.01,9.11,0.01,8.83,0.02,8.05,0.02,3.52,0.03,-1.22,D,
6,7,05:35:29.89 -05:12:10.3,3.0,4.0,3060.0,4.71,0.373,2.0,2.533,0.063,F17,0.953,0.0478,,0.0,0.0,0.0,0.0,0.000816,-10.0,0.862,-10.0,12.665,0.022,12.056,0.036,11.744,0.032,,,,,,,,,,,,,,,,,,,,,
8,11,05 34 52.49 -04 49 40.4,3.0,4.0,3770.0,4.11,0.505,2.0,2.915,0.182,F17,0.857,0.103,,0.0,0.0,0.0,0.0,0.000601,-10.0,0.483,-10.0,13.76,0.027,12.454,0.032,11.875,0.025,10.397,0.034,10.117,0.039,5.149,0.036,3.287,0.077,,,,,,,,,,,,,
9,12,05 36 47.17 -05 22 50.0,2.0,4.0,3260.0,3.74,0.475,1.0,2.561,0.038,F17,1.0,-10.0,,0.0,0.0,0.0,0.0,0.000738,-10.0,0.774,-10.0,12.772,0.019,12.146,0.032,11.874,0.018,11.669,0.025,11.303,0.027,,,,,11.61,0.01,11.31,0.01,10.91,0.01,9.52,0.01,6.06,0.02,-0.45,D,
10,14,05 41 24.51 -08 56 32.0,2.0,3.0,4490.0,4.33,0.208,1.0,2.15,0.02,F17,1.0,-10.0,0.000831,0.355,0.032,-0.217,0.026,0.00086,6.9e-05,1.251,0.1,11.108,0.021,10.173,0.02,9.711,0.021,9.114,0.023,8.748,0.02,7.005,0.018,5.305,0.046,9.02,0.01,8.75,0.01,8.45,0.01,7.91,0.01,5.33,0.02,-1.56,D,
13,17,05 34 51.74 -04 40 05.94*,,,,,,,2.591,0.029,,,,0.00128,-6.84,0.03,5.78,0.03,0.000872,6.9e-05,0.984,0.082,,,,,,,,,,,,,,,,,,,,,,,,,,,
14,18,05 35 11.13 -05 36 51.1,3.0,1.0,4050.0,3.93,0.179,2.0,2.591,0.029,F17,1.0,-10.0,,0.0,0.0,0.0,0.0,0.000644,-10.0,0.648,-10.0,11.124,0.021,10.267,0.03,9.938,0.016,9.763,0.028,9.74,0.028,,,3.993,0.105,,,,,,,,,,,,,
15,19,05 35 15.54 -05 25 14.0,3.0,1.0,4230.0,3.99,0.0933,2.0,2.505,0.051,F17,1.0,-10.0,,0.0,0.0,0.0,0.0,0.000845,-10.0,0.91,-10.0,10.02,0.031,,,,,,,,,,,,,,,,,,,,,,,,,
16,20,05 35 28.13 -05 23 06.4,2.0,1.0,3610.0,3.7,0.317,2.0,2.41,0.161,F17,1.0,-10.0,0.0255,0.116,0.001,0.02096,0.0009,0.02566,6.9e-05,30.05,4.17,12.742,0.016,11.048,0.028,10.04,0.016,,,,,,,,,8.87,0.01,8.44,0.01,7.79,0.03,,,,,,D,yes
17,21,05 35 31.54 -05 40 27.8,3.0,4.0,4460.0,4.2,0.00216,2.0,2.439,0.089,F17,0.659,0.0235,,0.0,0.0,0.0,0.0,0.000637,-10.0,0.726,-10.0,12.577,0.019,11.075,0.03,10.408,0.018,9.989,0.026,9.899,0.026,,,,,,,,,,,,,,,,,
18,22,05 35 36.45 -04 21 30.4,3.0,1.0,3820.0,4.44,0.399,1.0,2.226,0.214,F17,1.0,-10.0,,0.0,0.0,0.0,0.0,0.000655,-10.0,0.893,-10.0,11.624,0.019,10.949,0.03,10.712,0.017,10.613,0.024,10.501,0.021,,,,,,,,,,,,,,,,,
19,23,05 35 54.08 -05 28 32.7,3.0,2.0,4230.0,4.61,0.807,2.0,2.997,1.04,F17,0.83,0.102,,0.0,0.0,0.0,0.0,0.000745,-10.0,,,14.198,0.026,12.182,0.035,11.19,0.023,,,,,,,,,,,,,,,,,,,,,
20,24,05 36 01.85 -05 17 36.5,3.0,1.0,4410.0,4.32,0.000137,2.0,2.656,0.014,F17,1.0,-10.0,,0.0,0.0,0.0,0.0,0.00062,-10.0,0.593,-10.0,10.752,0.019,10.093,0.032,9.905,0.016,9.751,0.026,9.908,0.029,,,,,,,,,,,,,,,,,
22,27,05 34 27.67 -05 37 19.2,3.0,1.0,3690.0,3.52,0.949,2.0,2.47,0.161,F17,1.0,-10.0,0.0252,0.019,0.001,-0.0963,0.0009,0.02516,7e-05,28.33,3.68,13.323,0.023,11.415,0.032,10.182,0.018,8.19,0.022,7.002,0.02,4.981,0.021,3.127,0.049,,,,,,,,,,,,,yes
23,28,05 35 01.38 -06 15 17.5,3.0,4.0,4430.0,4.63,0.0873,2.0,2.551,0.015,F17,0.826,0.0712,,0.0,0.0,0.0,0.0,0.0007,-10.0,0.726,-10.0,11.19,0.023,10.574,0.029,10.406,0.018,10.436,0.028,10.466,0.031,,,,,,,,,,,,,,,,,
24,29,05 35 11.21 -05 17 20.90,2.0,1.0,4100.0,4.33,0.514,2.0,2.483,0.07,F17,1.0,-10.0,0.00238,0.116,0.013,0.042,0.011,0.00243,8e-05,2.68,0.17,12.387,0.019,10.99,0.03,10.247,0.019,,,,,,,,,9.28,0.01,8.92,0.01,8.51,0.01,7.63,0.02,,,-0.95,D,
25,30,05 35 12.14 -05 31 38.8,3.0,1.0,3320.0,3.85,0.411,2.0,2.491,0.09,F17,1.0,-10.0,,0.0,0.0,0.0,0.0,0.000635,-10.0,0.697,-10.0,12.159,0.019,11.436,0.03,11.125,0.019,10.89,0.029,10.839,0.024,,,,,,,,,,,,,,,,,
26,31,05 35 12.36 -05 43 18.4,2.0,1.0,4340.0,4.29,0.0767,2.0,2.651,0.015,F17,1.0,-10.0,0.00335,0.1496,0.009,-0.136,0.007,0.003369,6.9e-05,3.24,0.08,11.194,0.019,10.461,0.028,10.252,0.018,9.938,0.022,9.526,0.021,6.899,0.031,5.192,0.071,9.56,0.01,9.46,0.01,8.81,0.01,7.87,0.01,5.03,0.01,-0.8,D,
28,33,05 35 17.55 -04 53 03.7,3.0,1.0,3670.0,3.93,0.204,2.0,2.672,0.134,F17,1.0,-10.0,,0.0,0.0,0.0,0.0,0.000755,-10.0,0.719,-10.0,13.199,0.023,11.922,0.031,11.353,0.017,10.77,0.028,10.664,0.025,7.291,0.088,,,,,,,,,,,,,,,
29,34,05 35 30.02 -04 34 27.6,0.0,1.0,3000.0,4.43,0.057,0.0,2.59,0.055,F17,1.0,-10.0,,0.0,0.0,0.0,0.0,0.00067,-10.0,0.675,-10.0,13.116,0.021,12.464,0.032,12.254,0.021,11.846,0.037,11.629,0.033,,,4.096,0.096,,,,,,,,,,,,,
30,35,05 35 43.11 -04 24 55.6,2.0,1.0,4240.0,4.43,0.504,2.0,2.53,0.02,F17,1.0,-10.0,0.0148,0.0161,0.002,-0.062,0.002,0.01472,6.9e-05,15.52,0.25,11.046,0.019,10.271,0.029,9.791,0.017,8.696,0.023,8.083,0.02,5.604,0.015,3.777,0.024,8.43,0.01,8.03,0.01,7.63,0.01,6.83,0.01,4.14,0.01,-1.0,D,
31,36,05 35 44.63 -04 50 09.8,3.0,1.0,3950.0,4.58,0.203,2.0,2.557,0.027,F17,1.0,-10.0,,0.0,0.0,0.0,0.0,0.000608,-10.0,0.628,-10.0,12.264,0.023,11.505,0.032,11.291,0.024,11.135,0.023,11.086,0.023,,,,,,,,,,,,,,,,,
34,40,05 35 43.37 -06 22 19.5,2.0,4.0,3220.0,3.19,0.691,2.0,2.623,0.053,F17,0.948,0.0195,,0.0,0.0,0.0,0.0,0.00063,-10.0,0.618,-10.0,12.102,0.019,11.208,0.03,10.669,0.016,10.151,0.023,9.647,0.02,7.834,0.045,5.563,0.07,10.06,0.01,9.7,0.01,9.36,0.01,8.77,0.01,6.05,0.01,-1.36,D,
35,41,05 36 17.23 -06 17 24.5,2.0,1.0,3070.0,4.41,0.064,2.0,2.555,-10.0,F17,1.0,-10.0,,0.0,0.0,0.0,0.0,0.0006,-10.0,0.621,-10.0,12.22,0.017,11.596,0.03,11.322,0.02,11.066,0.023,10.698,0.02,8.835,0.048,6.615,0.1,10.92,0.01,10.72,0.01,10.51,0.01,9.79,0.01,6.51,0.02,-1.55,D,
37,45,05 40 20.47 -09 11 57.2,3.0,1.0,4680.0,4.53,0.566,2.0,2.453,0.02,F17,1.0,-10.0,,0.0,0.0,0.0,0.0,0.00076,-10.0,0.853,-10.0,11.949,0.019,11.358,0.024,11.249,0.021,11.087,0.023,11.126,0.02,,,,,,,,,,,,,,,,,
40,49,05 41 33.38 -07 59 56.2,2.0,5.0,4080.0,4.19,0.447,2.0,3.158,0.263,F17,0.984,0.0245,0.00642,0.0597,0.005,-0.066,0.004,0.00653,8e-05,4.53,0.8,13.732,0.026,12.044,0.02,11.22,0.021,10.464,0.023,9.864,0.02,7.627,0.018,4.53,0.025,9.99,0.01,9.92,0.01,9.07,0.01,8.83,0.01,4.49,0.01,-1.32,D,
41,50,05 42 01.51 -07 56 15.3,3.0,1.0,3510.0,4.21,0.56,2.0,2.367,0.06,F17,1.0,-10.0,,0.0,0.0,0.0,0.0,0.00064,-10.0,0.773,-10.0,13.185,0.023,12.408,0.02,12.107,0.021,11.944,0.023,11.75,0.022,,,7.167,0.094,,,,,,,,,,,,,
42,51,05 42 23.93 -08 09 45.9,3.0,1.0,4480.0,4.55,0.000441,2.0,2.403,0.029,F17,1.0,-10.0,,0.0,0.0,0.0,0.0,0.00062,-10.0,0.726,-10.0,12.161,0.023,11.313,0.024,11.017,0.023,10.86,0.024,10.863,0.025,,,,,,,,,,,,,,,,,
43,53,05 34 45.56 -05 29 20.9,3.0,2.0,3610.0,3.81,0.294,1.0,2.488,0.064,F17,1.0,-10.0,,0.0,0.0,0.0,0.0,0.00073,-10.0,0.799,-10.0,11.934,0.02,11.157,0.03,10.925,0.019,10.676,0.025,10.51,0.027,7.768,0.092,3.771,0.105,,,,,,,,,,,,,
44,54,05 34 54.31 -04 54 12.9,2.0,1.0,4020.0,4.12,0.177,3.0,2.555,-10.0,F17,1.0,-10.0,,0.0,0.0,0.0,0.0,0.00062,-10.0,0.642,-10.0,,,,,,,,,,,,,,,10.52,0.01,10.31,0.01,9.93,0.02,9.26,0.05,,,-1.37,D,
45,55,05 35 13.52 -05 27 28.6,3.0,1.0,3980.0,4.28,0.384,1.0,2.626,0.073,F17,1.0,-10.0,,0.0,0.0,0.0,0.0,0.00076,-10.0,0.744,-10.0,12.244,0.021,11.3,0.03,10.88,0.017,,,,,,,,,,,,,,,,,,,,,
46,56,05 35 21.47 -05 57 42.1,3.0,7.0,3880.0,4.65,0.282,3.0,2.653,0.089,F17,1.0,-10.0,,0.0,0.0,0.0,0.0,0.000593,-10.0,0.569,-10.0,11.987,0.017,11.346,0.03,11.086,0.018,11.006,0.024,10.894,0.022,,,,,,,,,,,,,,,,,
47,57,05 35 42.61 -05 26 08.3,3.0,2.0,3090.0,3.53,0.204,1.0,2.43,0.079,F17,1.0,-10.0,,0.0,0.0,0.0,0.0,0.000644,-10.0,0.737,-10.0,12.779,0.024,12.047,0.04,,,,,,,,,,,,,,,,,,,,,,,
48,59,05 34 39.03 -04 55 28.8,3.0,1.0,3970.0,4.24,0.47,1.0,2.53,0.036,F17,1.0,-10.0,,0.0,0.0,0.0,0.0,0.000675,-10.0,0.712,-10.0,12.114,0.017,11.206,0.028,10.868,0.017,10.685,0.024,10.655,0.022,,,,,,,,,,,,,,,,,
49,60,05 34 48.23 -04 47 40.1,3.0,1.0,4010.0,4.23,0.243,1.0,2.517,0.02,F17,1.0,-10.0,,0.0,0.0,0.0,0.0,0.000685,-10.0,0.73,-10.0,10.725,0.019,9.972,0.028,9.724,0.019,9.498,0.024,9.417,0.023,6.7,0.05,4.445,0.094,,,,,,,,,,,,,
50,61,05 35 02.0 -05 20 55.0,3.0,2.0,4200.0,4.37,0.405,1.0,2.998,0.668,F17,1.0,-10.0,,0.0,0.0,0.0,0.0,0.000724,-10.0,0.544,-10.0,,,,,,,,,,,,,,,,,,,,,,,,,,,
51,62,05 35 04.63 -05 09 55.7,2.0,1.0,3660.0,4.03,0.324,1.0,2.694,0.036,F17,1.0,-10.0,0.00373,-0.036,0.008,-0.1071,0.006,0.003636,7e-05,3.39,0.11,11.399,0.023,10.706,0.034,10.389,0.023,10.158,0.023,10.175,0.021,,,,,10.21,0.01,10.12,0.01,10.02,0.01,10.05,0.07,5.35,0.02,-2.64,D,
52,63,05 35 23.62 -05 20 03.26*,0.0,1.0,4010.0,4.13,0.513,0.0,2.555,-10.0,F17,1.0,-10.0,1370,1.939,0.03,-1.617,0.024,0.00101,7e-05,1.05,0.07,,,,,,,,,,,,,,,,,,,,,,,,,,,
53,64,05 36 37.08 -05 04 41.46*,2.0,1.0,4000.0,4.53,0.453,2.0,2.521,0.083,F17,1.0,-10.0,0.00183,0.5997,0.016,-0.282,0.013,0.00192,7e-05,2.05,0.16,11.379,0.024,10.643,0.031,10.434,0.019,10.385,0.023,10.263,0.021,,,,,10.32,0.01,10.27,0.01,10.2,0.01,10.12,0.01,6.78,0.02,-2.6,D,
54,67,05 34 30.207 -04 58 30.42,0.0,1.0,3890.0,4.59,0.307,0.0,3.136,0.151,K16,1.0,-10.0,,0.0,0.0,0.0,0.0,0.00069,-10.0,0.474,-10.0,12.419,0.025,11.717,0.035,11.486,0.025,11.437,0.026,11.315,0.025,,,,,,,,,,,,,,,,,
55,68,05 34 40.87 -05 22 42.24,2.0,6.0,4220.0,4.74,1.13,1.0,3.322,0.165,K16,1.0,-10.0,0.0059,-0.0778,0.005,-0.092,0.004,0.00593,7e-05,3.65,0.36,10.529,0.018,9.458,0.031,8.599,0.019,7.17,0.039,6.485,0.024,4.753,0.024,,,7.23,0.01,6.89,0.01,6.43,0.01,5.88,0.01,3.08,0.01,-1.26,D,
56,69,05 34 52.763 -05 00 50.91,3.0,1.0,3220.0,4.78,0.127,1.0,2.622,0.043,K16,1.0,-10.0,,0.0,0.0,0.0,0.0,0.00068,-10.0,0.668,-10.0,13.056,0.021,12.39,0.034,12.161,0.019,12.017,0.024,11.825,0.024,,,,,,,,,,,,,,,,,
57,70,05 34 59.01 -05 44 29.50*,2.0,1.0,4150.0,,0.171,1.0,2.502,0.038,K16,1.0,-10.0,.00309?,-0.576,0.01,0.231,0.008,0.003186,7e-05,,,,,,,,,9.442,0.023,8.876,0.02,7.264,0.056,,,9.51,0.01,9.12,0.01,8.71,0.01,8.03,0.01,5.45,0.02,-1.14,D,
58,70,05 34 59.12 -05 44 30.85*,2.0,1.0,4150.0,,0.171,1.0,2.453,0.039,K16,1.0,-10.0,.00255?,1.0554,0.012,-1.091,0.009,0.002599,7e-05,,,,,,,10.315,0.031,,,,,,,,,,,,,,,,,,,,,
59,71,05 35 12.59 -05 23 44.16,2.0,4.0,4380.0,4.04,0.299,1.0,2.598,0.021,K16,1.0,-10.0,,0.0,0.0,0.0,0.0,0.00895,-10.0,8.96,-10.0,9.841,0.019,9.086,0.037,8.648,0.023,,,,,,,,,8.2,0.01,7.69,0.01,6.06,0.02,4.46,0.08,,,1.67,D,
60,72,05 35 16.408 -04 58 02.0,,,4000.0,,,,2.609,0.051,K16,1.0,-10.0,,0.0,0.0,0.0,0.0,0.00066,-10.0,0.655,-10.0,,,12.574,0.071,12.342,0.026,10.857,0.073,10.471,0.088,,,,,,,,,,,,,,,,,
61,73,05 35 17.92 -05 15 32.76,2.0,2.0,4370.0,4.02,0.171,1.0,2.329,0.162,K16,1.0,-10.0,0.00827,0.044,0.003,-0.137,0.0029,0.00846,7e-05,10.78,1.57,11.596,0.029,10.206,0.036,9.508,0.023,8.876,0.037,8.376,0.041,,,,,,,,,,,,,,,,,
62,74,05 35 23.23 -04 43 02.90,3.0,6.0,4100.0,3.88,0.0702,1.0,2.578,0.022,K16,1.0,-10.0,,0.0,0.0,0.0,0.0,0.00077,-10.0,0.783,-10.0,11.71,0.019,10.92,0.028,10.766,0.018,10.719,0.028,10.764,0.027,,,,,,,,,,,,,,,,,
63,75,05 35 25.676 -04 57 18.35,,,4000.0,,,,2.551,0.056,K16,1.0,-10.0,,0.0,0.0,0.0,0.0,0.000665,-10.0,0.69,-10.0,13.269,0.021,12.594,0.028,12.368,0.016,,,,,,,,,,,,,,,,,,,,,
64,76,05 35 27.05 -04 56 03.02*,,,,,,,2.555,-10.0,,,,0.00123,6.85,0.03,3.71,0.03,0.00094,7e-05,0.983,0.08,,,,,,,,,,,,,,,,,,,,,,,,,,,
65,77,05 35 29.307 -05 45 38.17,,,4000.0,,,,2.524,0.057,K16,1.0,-10.0,,0.0,0.0,0.0,0.0,0.000655,-10.0,0.694,-10.0,12.935,0.019,12.253,0.031,12.022,0.02,11.751,0.024,11.606,0.025,8.11,0.036,,,,,,,,,,,,,,,
66,78,05 35 32.34 -05 18 07.80,3.0,4.0,4190.0,4.09,0.143,1.0,2.582,0.054,K16,1.0,-10.0,,0.0,0.0,0.0,0.0,0.00066,-10.0,0.669,-10.0,11.55,0.019,10.613,0.03,10.283,0.019,10.066,0.051,,,,,,,,,,,,,,,,,,,
67,79,05 36 05.655 -05 52 13.08,3.0,1.0,3620.0,4.78,0.277,1.0,2.612,0.042,K16,1.0,-10.0,,0.0,0.0,0.0,0.0,0.000625,-10.0,0.619,-10.0,12.887,0.026,12.217,0.029,11.966,0.019,11.812,0.025,11.639,0.025,,,,,,,,,,,,,,,,,
68,80,05 33 29.386 -05 07 49.1,,,4700.0,,,,2.317,0.052,K16,1.0,-10.0,,0.0,0.0,0.0,0.0,0.00074,-10.0,0.931,-10.0,13.293,0.019,12.413,0.026,12.089,0.023,11.997,0.034,11.911,0.046,,,,,,,,,,,,,,,,,
69,81,05 33 35.714 -05 09 23.5,,,4000.0,,,,2.567,0.044,K16,1.0,-10.0,,0.0,0.0,0.0,0.0,0.00067,-10.0,0.687,-10.0,12.497,0.021,11.684,0.022,11.409,0.019,11.267,0.024,11.106,0.022,,,,,,,,,,,,,,,,,
70,82,05 33 36.441 -04 49 49.02,,,3750.0,,,,2.58,0.047,K16,1.0,-10.0,,0.0,0.0,0.0,0.0,0.00075,-10.0,0.761,-10.0,12.982,0.021,12.364,0.022,12.125,0.024,11.984,0.025,11.75,0.022,,,,,,,,,,,,,,,,,
71,83,05 34 27.836 -05 43 31.52,3.0,5.0,3560.0,4.42,0.434,1.0,2.897,0.035,K16,1.0,-10.0,,0.0,0.0,0.0,0.0,0.00068,-10.0,0.547,-10.0,12.636,0.021,11.99,0.033,11.745,0.016,11.64,0.026,11.482,0.034,,,,,,,,,,,,,,,,,
72,84,05 34 28.52 -05 24 57.96,2.0,1.0,4340.0,4.47,0.404,1.0,2.461,0.016,K16,1.0,-10.0,0.00247,0.103,0.001,0.0453,0.001,0.02469,7e-05,27.55,0.37,11.144,0.017,10.34,0.029,9.948,0.016,9.2,0.023,8.705,0.021,6.65,0.041,,,9.31,0.01,9.01,0.01,8.59,0.01,7.98,0.02,5.21,0.02,-1.29,D,yes
73,85,05 34 35.681 -05 35 52.09,,,4200.0,,,,2.618,0.048,K16,1.0,-10.0,,0.0,0.0,0.0,0.0,0.00067,-10.0,0.66,-10.0,13.35,0.021,12.658,0.032,12.415,0.02,12.318,0.025,12.352,0.033,,,,,,,,,,,,,,,,,
74,86,05 34 49.98 -05 18 44.64,,,,,,,2.562,0.017,K16,1.0,-10.0,,0.0,0.0,0.0,0.0,0.00067,-10.0,0.689,-10.0,8.776,0.015,7.997,0.035,7.303,0.015,6.134,0.096,5.334,0.062,4.001,0.02,,,6.02,0.01,5.52,0.01,5.1,0.01,4.44,0.01,2.79,0.01,-1.03,D,
75,88,05 34 52.339 -05 30 08.01,3.0,5.0,3150.0,4.61,0.108,1.0,2.489,0.068,K16,1.0,-10.0,,0.0,0.0,0.0,0.0,0.00072,-10.0,0.785,-10.0,13.017,0.02,12.399,0.028,12.126,0.017,12.053,0.094,11.721,0.1,,,,,,,,,,,,,,,,,
76,89,05 34 53.12 -05 47 42.5,,,5000.0,,,,2.784,0.086,K16,1.0,-10.0,,0.0,0.0,0.0,0.0,0.000705,-10.0,0.614,-10.0,14.03,0.021,13.378,0.039,13.163,0.029,12.93,0.034,13.435,0.104,,,,,,,,,,,,,,,,,
77,90,05 34 57.452 -05 30 42.02,3.0,3.0,3990.0,4.24,0.174,1.0,2.469,0.057,K16,1.0,-10.0,,0.0,0.0,0.0,0.0,0.00071,-10.0,0.787,-10.0,12.736,0.02,11.994,0.03,11.764,0.019,11.874,0.072,,,,,,,,,,,,,,,,,,,
78,91,05 35 02.497 -05 33 09.95,2.0,4.0,3960.0,4.2,0.527,1.0,2.537,0.051,K16,1.0,-10.0,,0.0,0.0,0.0,0.0,0.0007,-10.0,0.735,-10.0,12.089,0.021,11.319,0.032,10.999,0.021,9.893,0.027,9.484,0.024,5.442,0.028,,,10.16,0.01,9.81,0.01,9.28,0.04,8.61,0.05,5.69,0.04,-1.02,D,
79,92,05 35 02.84 -05 51 03.1,,,3700.0,,,,2.627,0.033,K16,1.0,-10.0,,0.0,0.0,0.0,0.0,0.00071,-10.0,0.695,-10.0,12.778,0.021,12.05,0.031,11.847,0.019,11.69,0.036,11.687,0.037,,,,,,,,,,,,,,,,,
80,93,05 35 03.036 -04 59 59.8,3.0,4.0,3210.0,4.72,0.255,1.0,2.559,0.038,K16,1.0,-10.0,,0.0,0.0,0.0,0.0,0.000745,-10.0,0.768,-10.0,12.611,0.024,11.952,0.04,11.721,0.028,11.569,0.05,11.407,0.055,,,,,,,,,,,,,,,,,
81,95,05 35 05.63 -05 25 19.52*,2.0,2.0,4640.0,4.4,1.02,1.0,2.547,0.02,K16,1.0,-10.0,0.0048,0.484,0.007,-0.322,0.005,0.004847,7e-05,5.05,0.11,8.993,0.023,8.11,0.053,7.434,0.021,,,,,,,,,6.69,0.01,6.02,0.01,5.37,0.01,4.35,0.01,,,-0.16,D,
82,97,05 35 06.59 -05 59 51.4,,,,,,,2.483,0.073,K16,1.0,-10.0,,0.0,0.0,0.0,0.0,0.0007,-10.0,0.767,-10.0,13.493,0.019,12.894,0.035,12.639,0.024,12.258,0.026,12.092,0.024,,,,,,,,,,,,,,,,,
84,99,05 35 07.24 -04 50 25.4,3.0,4.0,3230.0,3.32,0.523,1.0,2.606,0.05,K16,1.0,-10.0,,0.0,0.0,0.0,0.0,0.00069,-10.0,0.686,-10.0,12.251,0.021,11.544,0.032,11.34,0.018,,,,,,,,,,,,,,,,,,,,,
85,100,05 35 09.96 -05 57 11.9,2.0,8.0,4070.0,3.96,0.712,1.0,2.579,0.054,K16,1.0,-10.0,0.0177,0.263,0.002,0.059,0.002,0.0176,8e-05,17.93,0.73,12.055,0.019,10.535,0.032,9.609,0.016,8.606,0.023,7.757,0.019,5.383,0.015,3.461,0.029,8.36,0.01,7.76,0.01,7.21,0.01,6.32,0.01,3.48,0.01,-0.5,D,
86,101,05 35 11.97 -05 20 33.1,,,,,,,2.476,0.057,K16,1.0,-10.0,,0.0,0.0,0.0,0.0,0.00087,-10.0,0.959,-10.0,10.928,0.019,9.596,0.031,8.851,0.019,,,,,,,,,8.19,0.01,7.87,0.01,7.47,0.02,6.57,0.03,,,-0.97,D,
87,102,05 35 12.9 -05 59 38.5,3.0,4.0,3960.0,4.52,0.211,1.0,2.624,0.029,K16,1.0,-10.0,,0.0,0.0,0.0,0.0,0.000705,-10.0,0.692,-10.0,12.762,0.021,12.021,0.032,11.853,0.018,11.694,0.024,11.619,0.025,9.446,0.067,,,,,,,,,,,,,,,
88,103,05 35 14.668 -05 08 52.08,3.0,2.0,3070.0,4.68,0.103,1.0,2.607,0.039,K16,1.0,-10.0,,0.0,0.0,0.0,0.0,0.000705,-10.0,0.701,-10.0,12.836,0.019,12.226,0.028,11.956,0.017,11.561,0.03,12.43,0.038,,,,,,,,,,,,,,,,,
89,104,05 35 15.758 -05 21 39.82,,,,,,,2.497,0.08,K16,1.0,-10.0,,0.0,0.0,0.0,0.0,0.00149,-10.0,1.614,-10.0,12.821,0.033,11.821,0.039,,,,,,,,,,,,,,,,,,,,,,,
90,105,05 35 17.139 -05 12 39.41,,,4200.0,,,,2.522,0.084,K16,1.0,-10.0,,0.0,0.0,0.0,0.0,0.000785,-10.0,0.834,-10.0,13.476,0.021,12.886,0.032,12.595,0.021,,,,,,,,,,,,,,,,,,,,,
91,106,05 35 18.098 -04 31 19.33,,,3850.0,,,,2.684,0.045,K16,1.0,-10.0,,0.0,0.0,0.0,0.0,0.000811,-10.0,0.76,-10.0,12.682,0.019,12.036,0.03,11.79,0.019,11.63,0.024,11.424,0.026,,,5.487,0.057,,,,,,,,,,,,,
92,107,05 35 19.77 -05 21 10.68*,,,,,,,2.576,0.736,,,,0.00434,-3.973,0.009,-4.788,0.007,0.003798,7e-05,,,,,,,,,,,,,,,,,,,,,,,,,,,,,
93,108,05 35 22.817 -05 44 42.89,,,,,,,2.597,0.038,K16,1.0,-10.0,,0.0,0.0,0.0,0.0,0.00075,-10.0,0.751,-10.0,11.811,0.019,10.949,0.028,10.641,0.02,10.467,0.023,10.303,0.023,,,,,,,,,,,,,,,,,
94,109,05 35 23.97 -05 59 41.9,3.0,1.0,4320.0,4.68,0.158,1.0,2.39,0.028,K16,1.0,-10.0,,0.0,0.0,0.0,0.0,0.00071,-10.0,0.84,-10.0,11.15,0.017,10.462,0.03,10.332,0.02,10.231,0.023,10.241,0.02,8.741,0.06,,,,,,,,,,,,,,,
95,110,05 35 24.25 -05 25 18.48,,,,,,,2.418,0.049,K16,1.0,-10.0,0.00402,0.157,0.009,-0.229,0.006,0.004062,7e-05,4.69,0.21,11.442,0.017,10.465,0.03,10.037,0.017,,,,,,,,,9.61,0.01,9.22,0.01,,,,,,,,D,
96,111,05 35 24.43 -05 24 39.8,2.0,1.0,4120.0,4.15,0.646,1.0,2.498,0.059,K16,1.0,-10.0,0.0563,0.1238,0.0006,-0.025,0.0005,0.056599,7e-05,6.14,0.3,10.75,0.03,9.693,0.041,8.912,0.028,,,,,,,,,7.78,0.01,7.37,0.01,6.3,0.01,4.83,0.02,,,0.65,D,yes
97,111,05 35 24.70 -05 24 44.16*,2.0,1.0,4120.0,,0.646,1.0,2.555,-10.0,K16,1.0,-10.0,0.0218,4.0353,0.002,-4.352,0.001,0.02117,7e-05,22.91*,1.08,,,,,,,,,,,,,,,,,,,,,,,,,,,yes
99,113,05 35 26.16 -05 08 33.49*,,,,,,,2.632,0.081,,,,0.0047,1.498,0.007,4.373,0.005,0.00559,8e-05,,,,,,,,,,,,,,,,,,,,,,,,,,,,,
100,114,05 35 26.417 -05 55 26.68,,,3750.0,,,,2.528,0.066,K16,1.0,-10.0,,0.0,0.0,0.0,0.0,0.00076,-10.0,0.803,-10.0,13.316,0.019,12.582,0.034,12.276,0.024,,,,,,,,,11.76,0.01,11.53,0.01,11.07,0.02,10.68,0.02,8.43,0.08,-1.54,D,
101,115,05 35 30.48 -05 24 23.0,0.0,1.0,4310.0,4.24,0.0719,0.0,2.514,0.097,K16,1.0,-10.0,,0.0,0.0,0.0,0.0,0.00075,-10.0,0.802,-10.0,11.115,0.019,10.31,0.03,10.077,0.019,,,,,,,,,,,,,,,,,,,,,
102,117,05 35 32.52 -05 26 10.4,0.0,1.0,4090.0,4.34,0.16,0.0,2.342,0.079,K16,1.0,-10.0,,0.0,0.0,0.0,0.0,0.00073,-10.0,0.899,-10.0,11.626,0.021,10.877,0.032,10.569,0.017,10.202,0.049,,,,,,,,,,,,,,,,,,,
103,118,05 35 33.14 -05 47 07.44,2.0,1.0,3720.0,4.28,0.289,1.0,2.616,0.049,K16,1.0,-10.0,,0.0,0.0,0.0,0.0,0.00073,-10.0,0.721,-10.0,13.124,0.019,12.408,0.028,12.177,0.022,11.901,0.026,11.695,0.026,8.753,0.063,,,11.86,0.01,11.68,0.01,11.46,0.03,10.9,0.06,8.0,0.07,-1.74,D,
104,119,05 35 33.456 -04 56 01.76,,,3750.0,,,,2.554,0.057,K16,1.0,-10.0,,0.0,0.0,0.0,0.0,0.000875,-10.0,0.906,-10.0,12.964,0.021,12.318,0.028,12.061,0.019,11.536,0.036,11.23,0.057,,,,,,,,,,,,,,,,,
105,121,05 35 34.093 -04 32 37.01,,,,,,,2.375,0.059,K16,1.0,-10.0,,0.0,0.0,0.0,0.0,0.000855,-10.0,1.024,-10.0,12.814,0.023,12.173,0.029,11.913,0.019,11.68,0.025,11.495,0.024,,,5.929,0.09,,,,,,,,,,,,,
106,122,05 35 37.341 -06 00 00.21,3.0,4.0,2310.0,4.32,0.00436,1.0,2.637,0.049,K16,1.0,-10.0,,0.0,0.0,0.0,0.0,0.00082,-10.0,0.797,-10.0,13.154,0.021,12.448,0.028,12.212,0.019,12.072,0.024,11.919,0.023,,,,,,,,,,,,,,,,,
107,123,05 35 38.214 -05 14 19.02,3.0,2.0,3760.0,3.85,0.262,1.0,2.588,0.051,K16,1.0,-10.0,,0.0,0.0,0.0,0.0,0.000845,-10.0,0.852,-10.0,11.597,0.019,10.789,0.029,10.524,0.018,,,,,,,,,,,,,,,,,,,,,
108,124,05 35 39.07 -05 08 56.4,3.0,1.0,4390.0,3.99,0.000135,1.0,2.571,0.015,K16,1.0,-10.0,,0.0,0.0,0.0,0.0,0.000755,-10.0,0.772,-10.0,10.88,0.017,10.165,0.029,9.999,0.018,9.82,0.028,9.947,0.035,6.862,0.103,,,,,,,,,,,,,,,
109,125,05 35 39.495 -04 40 19.42,3.0,1.0,4180.0,4.12,0.0746,1.0,2.613,0.038,K16,1.0,-10.0,,0.0,0.0,0.0,0.0,0.00082,-10.0,0.811,-10.0,12.493,0.03,11.594,0.037,11.285,0.023,,,,,,,,,,,,,,,,,,,,,
110,127,05 35 43.24 -05 09 17.1,3.0,1.0,4200.0,4.12,0.152,1.0,2.555,-10.0,K16,1.0,-10.0,,0.0,0.0,0.0,0.0,0.00081,-10.0,0.838,-10.0,10.738,0.019,10.034,0.033,9.848,0.016,9.617,0.027,9.58,0.031,6.73,0.089,,,,,,,,,,,,,,,
111,128,05 35 48.853 -05 00 28.56,,,4250.0,,,,2.566,0.043,K16,1.0,-10.0,,0.0,0.0,0.0,0.0,0.0007,-10.0,0.718,-10.0,12.622,0.021,11.646,0.028,11.284,0.017,11.068,0.024,11.113,0.025,,,,,,,,,,,,,,,,,
112,129,05 36 03.355 -04 57 40.48,,,4000.0,,,,2.566,0.039,K16,1.0,-10.0,,0.0,0.0,0.0,0.0,0.00072,-10.0,0.739,-10.0,13.121,0.021,12.466,0.032,12.184,0.019,11.966,0.069,11.787,0.07,,,,,,,,,,,,,,,,,
113,130,05 36 06.61 -05 41 54.23,,,,,,,2.538,0.089,K16,1.0,-10.0,0.00328,0.153,0.011,0.118,0.008,0.00331,8e-05,3.49,0.28,13.457,0.091,12.904,0.088,12.614,0.029,,,,,,,,,12.31,0.01,12.2,0.01,12.45,0.17,,,6.8,0.04,,D,
114,130,05 36 06.32 -05 41 56.56*,,,,,,,2.606,0.02,,,,0.00236,-4.283,0.02,-2.194,0.012,0.002349,7e-05,2.43*,0.07,10.14,0.028,9.694,0.033,9.592,0.021,9.522,0.027,9.531,0.03,,,,,,,,,,,,,,,,,
