,,YSO,Nepochs,Teff,log(g) (cm/s2),veil,SB2,p,p_error,paper,q,q_err,Max (Jy/bm),x,x_err,y,y_err,Flux (Jy),Flux_err,Disk Mass (Mjup),Disk Mass err,J,J_err,H,H_err,K,K_err,W1,W1_err,W2,W2_err,W3,W3_err,W4,W4_err,[3.6],e[3.6],[4.5],e[4.5],[5.8],e[5.8],[8.0],e[8.0],[24],e[24],alpha,YSO,HCO+,Cloud contamination?
1,05:32:16.83 -05:48:23.7,3,8,5840,3.85,0.114,1,2.75,0.08,F17,1,-10,,0,0,0,0,5.85E-04,1.17E-04,0.523,-10,9.635,0.025,9.388,0.02,9.312,0.024,9.267,0.023,9.277,0.021,9.08,0.052,,,,,,,,,,,,,,,,
2,05:34 23.86 -05:15:40.3,3,5,4280,3.99,0.0215,2,2.557,0.029,F17,0.665,0.0129,,0,0,0,0,6.55E-04,1.31E-04,0.677,-10,,,,,,,,,,,,,,,,,,,,,,,,,,,,
3,05:35:28.6 -04:55:03,3,4,4700,4.58,0.000692,1,3.205,0.014,F17,1,-10,,0,0,0,0,5.95E-04,1.19E-04,0.391,-10,10.902,0.019,10.372,0.028,10.29,0.019,10.164,0.028,10.343,0.032,,,,,,,,,,,,,,,,,,
4,05:34:55.63 -06:01:03.6,3,5,3820,4.49,0.407,2,2.553,0.028,F17,0.863,0.45,,0,0,0,0,6.40E-04,1.28E-04,0.663,-10,12.472,0.019,11.815,0.031,11.572,0.19,11.529,0.024,11.421,0.023,,,,,,,,,,,,,,,,,,
5,05:35:03.26 -04:49:20.9,2,2,4330,4.34,0.709,2,2.555,-10,F17,0.464,0.0403,0.00173,0.0717,0.017,-0.067,0.014,0.00174,0.000073,1.8,0.08,9.959,0.019,9.078,0.03,8.51,0.019,7.705,0.027,7.26,0.021,,,,,,,,,,,,,,,,,,
6,05:35:03.92 -05:29:03.3,2,5,4080,4.32,0.407,2,2.537,0.026,F17,0.561,0.0121,0.00173,-0.011,0.016,0.009,0.013,0.00173,0.000069,1.785,0.087,11.239,0.02,10.436,0.031,10.112,0.021,9.348,0.024,9.225,0.024,6.425,0.033,,,9.49,0.01,9.11,0.01,8.83,0.02,8.05,0.02,3.52,0.03,-1.22,D,,
7,05:35:29.89 -05:12:10.3,3,4,3060,4.71,0.373,2,2.533,0.063,F17,0.953,0.0478,,0,0,0,0,7.40E-04,1.48E-04,0.779,-10,12.665,0.022,12.056,0.036,11.744,0.032,,,,,,,,,,,,,,,,,,,,,,
8,05:35:10.77 -06:51:55.7,0,2,6510,5.99,0.0619,1,2.476,0.016,F17,1,-10,,0,0,0,0,6.50E-04,1.30E-04,0.716,-10,,,,,,,10.531,0.023,10.539,0.021,10.041,0.067,,,,,,,,,,,,,,,,
9,05:35:15.8 -06:46:29.1,3,2,5640,5.12,0.0464,2,1.8,0.088,F17,1,-10,,0,0,0,0,6.20E-04,1.24E-04,1.29,-10,12.541,0.025,11.571,0.03,11.159,0.02,10.908,0.023,10.827,0.021,,,,,,,,,,,,,,,,,,
10,05 43 24.64 -08 13 27.5,0,3,3830,5.18,0.456,2,5.7,0.026,F17,1,-10,,0,0,0,0,6.35E-04,1.27E-04,0.13,-10,11.987,0.021,11.385,0.024,11.142,0.019,11.003,0.022,10.9,0.021,,,,,,,,,,,,,,,,,,
11,05 34 52.49 -04 49 40.4,3,4,3770,4.11,0.505,2,2.915,0.182,F17,0.857,0.103,,0,0,0,0,6.40E-04,1.28E-04,0.509,-10,13.76,0.027,12.454,0.032,11.875,0.025,10.397,0.034,10.117,0.039,5.149,0.036,3.287,0.077,,,,,,,,,,,,,,
12,05 36 47.17 -05 22 50.0,2,4,3260,3.74,0.475,1,2.561,0.038,F17,1,-10,,0,0,0,0,7.05E-04,1.41E-04,0.726,-10,12.772,0.019,12.146,0.032,11.874,0.018,11.669,0.025,11.303,0.027,,,,,11.61,0.01,11.31,0.01,10.91,0.01,9.52,0.01,6.06,0.02,-0.45,D,,
13,05 38 25.89 -06 59 51.9,0,6,3820,5.39,0.485,1,5.676,0.037,F17,1,-10,,0,0,0,0,7.85E-04,1.57E-04,0.17,-10,13.077,0.023,12.378,0.025,12.178,0.026,12.058,0.024,11.916,0.022,,,,,,,,,,,,,,,,,,
14,05 41 24.51 -08 56 32.0,2,3,4490,4.33,0.208,1,2.15,0.02,F17,1,-10,0.000831,0.355,0.032,-0.217,0.026,0.00086,0.000069,1.251,0.1,11.108,0.021,10.173,0.02,9.711,0.021,9.114,0.023,8.748,0.02,7.005,0.018,5.305,0.046,9.02,0.01,8.75,0.01,8.45,0.01,7.91,0.01,5.33,0.02,-1.56,D,,
15,05 34 06.93 -04 39 30.3,3,1,4700,4.87,0.312,2,2.534,0.017,F17,1,-10,,0,0,0,0,6.80E-04,1.36E-04,0.715,-10,,,,,,,,,,,,,,,,,,,,,,,,,,,,
16,05 34 30.87 -04 25 07.0,0,1,4300,5.1,0.635,2,2.565,0.033,F17,1,-10,,0,0,0,0,6.15E-04,1.23E-04,0.631,-10,,,,,,,,,,,,,,,,,,,,,,,,,,,,
17,05 34 52.2 -04 40 11.7**,2,1,5290,5.11,0.613,2,2.445,0.021,F17,1,-10,,0,0,0,0,5.90E-04,1.18E-04,0.667,-10,11.48,0.02,10.44,0.03,9.8,0.02,,,,,,,,,9.07,0.01,8.72,0.01,8.55,0.01,7.91,0.01,4.75,0.02,-1.55,D,,
17,05 34 51.74 -04 40 05.94*,,,,,,,2.591,0.029,,,,0.00128,-6.84,0.03,5.78,0.03,0.000872,0.000069,0.984,0.082,,,,,,,,,,,,,,,,,,,,,,,,,,,,
18,05 35 11.13 -05 36 51.1,3,1,4050,3.93,0.179,2,2.591,0.029,F17,1,-10,,0,0,0,0,6.15E-04,1.23E-04,0.619,-10,11.124,0.021,10.267,0.03,9.938,0.016,9.763,0.028,9.74,0.028,,,3.993,0.105,,,,,,,,,,,,,,
19,05 35 15.54 -05 25 14.0,3,1,4230,3.99,0.0933,2,2.505,0.051,F17,1,-10,,0,0,0,0,9.70E-04,1.94E-04,1.044,-10,10.02,0.031,,,,,,,,,,,,,,,,,,,,,,,,,,yes
20,05 35 28.13 -05 23 06.4,2,1,3610,3.7,0.317,2,2.41,0.161,F17,1,-10,0.0255,0.116,0.001,0.02096,0.0009,0.02566,0.000069,30.05,4.17,12.742,0.016,11.048,0.028,10.04,0.016,,,,,,,,,8.87,0.01,8.44,0.01,7.79,0.03,,,,,,D,yes,
21,05 35 31.54 -05 40 27.8,3,4,4460,4.2,0.00216,2,2.439,0.089,F17,0.659,0.0235,,0,0,0,0,6.85E-04,1.37E-04,0.778,-10,12.577,0.019,11.075,0.03,10.408,0.018,9.989,0.026,9.899,0.026,,,,,,,,,,,,,,,,,,
22,05 35 36.45 -04 21 30.4,3,1,3820,4.44,0.399,1,2.226,0.214,F17,1,-10,,0,0,0,0,6.05E-04,1.21E-04,0.825,-10,11.624,0.019,10.949,0.03,10.712,0.017,10.613,0.024,10.501,0.021,,,,,,,,,,,,,,,,,,
23,05 35 54.08 -05 28 32.7,3,2,4230,4.61,0.807,2,2.997,1.04,F17,0.83,0.102,,0,0,0,0,7.60E-04,1.52E-04,0.572,-10,14.198,0.026,12.182,0.035,11.19,0.023,,,,,,,,,,,,,,,,,,,,,,
24,05 36 01.85 -05 17 36.5,3,1,4410,4.32,0.000137,2,2.656,0.014,F17,1,-10,,0,0,0,0,6.50E-04,1.30E-04,0.622,-10,10.752,0.019,10.093,0.032,9.905,0.016,9.751,0.026,9.908,0.029,,,,,,,,,,,,,,,,,,
25,05 32 44.07 -05 29 52.3,3,1,4770,4.73,0.000735,2,2.287,0.094,F17,1,-10,,0,0,0,0,6.80E-04,1.36E-04,0.878,-10,13.585,0.026,12.476,0.02,12.068,0.021,11.794,0.025,11.702,0.024,,,,,,,,,,,,,,,,,,
26,05 33 16.24 -06 13 19.5,0,1,4650,4.89,0.0439,2,3.864,0.014,F17,1,-10,,0,0,0,0,6.00E-04,1.20E-04,0.271,-10,11.533,0.019,10.949,0.02,10.814,0.021,10.777,0.023,10.792,0.021,,,,,,,,,,,,,,,,,,
27,05 34 27.67 -05 37 19.2,3,1,3690,3.52,0.949,2,2.47,0.161,F17,1,-10,0.0252,0.019,0.001,-0.0963,0.0009,0.02516,0.00007,28.33,3.68,13.323,0.023,11.415,0.032,10.182,0.018,8.19,0.022,7.002,0.02,4.981,0.021,3.127,0.049,,,,,,,,,,,,,yes,
28,05 35 01.38 -06 15 17.5,3,4,4430,4.63,0.0873,2,2.551,0.015,F17,0.826,0.0712,,0,0,0,0,7.05E-04,1.41E-04,0.732,-10,11.19,0.023,10.574,0.029,10.406,0.018,10.436,0.028,10.466,0.031,,,,,,,,,,,,,,,,,,
29,05 35 11.21 -05 17 20.90,2,1,4100,4.33,0.514,2,2.483,0.07,F17,1,-10,0.00238,0.116,0.013,0.042,0.011,0.00243,0.00008,2.68,0.17,12.387,0.019,10.99,0.03,10.247,0.019,,,,,,,,,9.28,0.01,8.92,0.01,8.51,0.01,7.63,0.02,,,-0.95,D,,
30,05 35 12.14 -05 31 38.8,3,1,3320,3.85,0.411,2,2.491,0.09,F17,1,-10,,0,0,0,0,6.05E-04,1.21E-04,0.659,-10,12.159,0.019,11.436,0.03,11.125,0.019,10.89,0.029,10.839,0.024,,,,,,,,,,,,,,,,,,
31,05 35 12.36 -05 43 18.4,2,1,4340,4.29,0.0767,2,2.651,0.015,F17,1,-10,0.00335,0.1496,0.009,-0.136,0.007,0.003369,0.000069,3.24,0.08,11.194,0.019,10.461,0.028,10.252,0.018,9.938,0.022,9.526,0.021,6.899,0.031,5.192,0.071,9.56,0.01,9.46,0.01,8.81,0.01,7.87,0.01,5.03,0.01,-0.8,D,,
32,05 35 15.61 -05 24 03.0,2,1,4490,5.17,0.7,1,2.504,0.035,F17,1,-10,,0,0,0,0,1.08E-02,2.16E-03,11.63,-10,,,10.191,0.032,,,,,,,,,,,9.48,0.04,9.17,0.05,,,,,,,,D,,yes
33,05 35 17.55 -04 53 03.7,3,1,3670,3.93,0.204,2,2.672,0.134,F17,1,-10,,0,0,0,0,6.95E-04,1.39E-04,0.658,-10,13.199,0.023,11.922,0.031,11.353,0.017,10.77,0.028,10.664,0.025,7.291,0.088,,,,,,,,,,,,,,,,
34,05 35 30.02 -04 34 27.6,0,1,3000,4.43,0.057,0,2.59,0.055,F17,1,-10,,0,0,0,0,6.40E-04,1.28E-04,0.644,-10,13.116,0.021,12.464,0.032,12.254,0.021,11.846,0.037,11.629,0.033,,,4.096,0.096,,,,,,,,,,,,,,
35,05 35 43.11 -04 24 55.6,2,1,4240,4.43,0.504,2,2.53,0.02,F17,1,-10,0.0148,0.0161,0.002,-0.062,0.002,0.01472,0.000069,15.52,0.25,11.046,0.019,10.271,0.029,9.791,0.017,8.696,0.023,8.083,0.02,5.604,0.015,3.777,0.024,8.43,0.01,8.03,0.01,7.63,0.01,6.83,0.01,4.14,0.01,-1,D,,
36,05 35 44.63 -04 50 09.8,3,1,3950,4.58,0.203,2,2.557,0.027,F17,1,-10,,0,0,0,0,6.35E-04,1.27E-04,0.656,-10,12.264,0.023,11.505,0.032,11.291,0.024,11.135,0.023,11.086,0.023,,,,,,,,,,,,,,,,,,
37,05 34 26.26 -06 46 09.3,0,1,4450,5.39,0.962,2,2.953,0.024,F17,1,-10,,0,0,0,0,7.20E-04,1.44E-04,0.558,-10,12.777,0.021,12.145,0.033,11.963,0.018,11.837,0.023,11.865,0.022,,,,,,,,,,,,,,,,,,
38,05 35 17.98 -06 04 43.0,3,4,4610,4.69,0.000118,2,2.572,0.016,F17,0.992,0.0751,,0,0,0,0,6.35E-04,1.27E-04,0.648,-10,11.189,0.019,10.583,0.03,10.409,0.02,10.338,0.023,10.4,0.02,,,,,,,,,,,,,,,,,,
39,05 35 29.92 -06 44 15.1,0,1,5870,5.26,0.0329,2,1.844,0.032,F17,1,-10,,0,0,0,0,6.85E-04,1.37E-04,1.361,-10,12.58,0.019,11.896,0.03,11.624,0.016,11.475,0.023,11.462,0.02,,,,,,,,,,,,,,,,,,
40,05 35 43.37 -06 22 19.5,2,4,3220,3.19,0.691,2,2.623,0.053,F17,0.948,0.0195,,0,0,0,0,5.80E-04,1.16E-04,0.569,-10,12.102,0.019,11.208,0.03,10.669,0.016,10.151,0.023,9.647,0.02,7.834,0.045,5.563,0.07,10.06,0.01,9.7,0.01,9.36,0.01,8.77,0.01,6.05,0.01,-1.36,D,,
41,05 36 17.23 -06 17 24.5,2,1,3070,4.41,0.064,2,2.555,-10,F17,1,-10,,0,0,0,0,6.55E-04,1.31E-04,0.678,-10,12.22,0.017,11.596,0.03,11.322,0.02,11.066,0.023,10.698,0.02,8.835,0.048,6.615,0.1,10.92,0.01,10.72,0.01,10.51,0.01,9.79,0.01,6.51,0.02,-1.55,D,,
42,05 37 01.0 -07 35 46.9,0,1,3150,5.16,0.318,2,12.602,0.031,F17,1,-10,,0,0,0,0,7.85E-04,1.57E-04,0.033,-10,,,,,,,10.199,0.023,10.042,0.021,9.888,0.065,,,,,,,,,,,,,,,,
43,05 37 11.61 -07 23 23.9,0,1,5060,4.64,0.0000749,2,2.517,0.013,F17,1,-10,,0,0,0,0,6.90E-04,1.38E-04,0.736,-10,10.82,0.019,10.455,0.021,10.385,0.019,10.298,0.024,10.348,0.021,9.781,0.061,,,,,,,,,,,,,,,,
44,05 38 01.6 -07 22 21.8,0,1,5080,5,0.0000716,1,4.417,0.065,F17,1,-10,,0,0,0,0,7.50E-04,1.50E-04,0.26,-10,10.499,0.017,10.009,0.022,9.916,0.022,9.86,0.023,9.921,0.02,9.305,0.045,,,,,,,,,,,,,,,,
45,05 40 20.47 -09 11 57.2,3,1,4680,4.53,0.566,2,2.453,0.02,F17,1,-10,,0,0,0,0,8.15E-04,1.63E-04,0.915,-10,11.949,0.019,11.358,0.024,11.249,0.021,11.087,0.023,11.126,0.02,,,,,,,,,,,,,,,,,,
46,05 40 55.3 -08 13 16.9,0,1,5450,5.28,0.137,1,3.013,0.014,F17,1,-10,,0,0,0,0,6.70E-04,1.34E-04,0.499,-10,,,,,,,,,,,,,,,,,,,,,,,,,,,,
47,05 41 15.24 -07 52 11.1,0,1,4660,4.89,0.00029,2,2.943,0.019,F17,1,-10,,0,0,0,0,6.60E-04,1.32E-04,0.515,-10,12.235,0.019,11.656,0.025,11.529,0.022,11.452,0.023,11.499,0.022,,,,,,,,,,,,,,,,,,
48,05 41 30.37 -09 12 26.8,0,1,4040,5.09,0.138,2,4.464,0.026,F17,1,-10,,0,0,0,0,7.10E-04,1.42E-04,0.241,-10,12.283,0.019,11.567,0.02,11.377,0.019,11.281,0.024,11.204,0.021,,,,,,,,,,,,,,,,,,
49,05 41 33.38 -07 59 56.2,2,5,4080,4.19,0.447,2,3.158,0.263,F17,0.984,0.0245,0.00642,0.0597,0.005,-0.066,0.004,0.00653,0.00008,4.53,0.8,13.732,0.026,12.044,0.02,11.22,0.021,10.464,0.023,9.864,0.02,7.627,0.018,4.53,0.025,9.99,0.01,9.92,0.01,9.07,0.01,8.83,0.01,4.49,0.01,-1.32,D,,
50,05 42 01.51 -07 56 15.3,3,1,3510,4.21,0.56,2,2.367,0.06,F17,1,-10,,0,0,0,0,6.30E-04,1.26E-04,0.76,-10,13.185,0.023,12.408,0.02,12.107,0.021,11.944,0.023,11.75,0.022,,,7.167,0.094,,,,,,,,,,,,,,
51,05 42 23.93 -08 09 45.9,3,1,4480,4.55,0.000441,2,2.403,0.029,F17,1,-10,,0,0,0,0,6.65E-04,1.33E-04,0.778,-10,12.161,0.023,11.313,0.024,11.017,0.023,10.86,0.024,10.863,0.025,,,,,,,,,,,,,,,,,,
52,05 34 13.47 -04 23 53.9,3,1,3500,4.35,0.599,1,4.265,0.037,F17,1,-10,,0,0,0,0,6.40E-04,1.28E-04,0.24,-10,,,,,,,12.096,0.024,11.952,0.022,,,,,,,,,,,,,,,,,,
53,05 34 45.56 -05 29 20.9,3,2,3610,3.81,0.294,1,2.488,0.064,F17,1,-10,,0,0,0,0,7.60E-04,1.52E-04,0.829,-10,11.934,0.02,11.157,0.03,10.925,0.019,10.676,0.025,10.51,0.027,7.768,0.092,3.771,0.105,,,,,,,,,,,,,,
54,05 34 54.31 -04 54 12.9,2,1,4020,4.12,0.177,3,2.555,-10,F17,1,-10,,0,0,0,0,6.85E-04,1.37E-04,0.709,-10,,,,,,,,,,,,,,,10.52,0.01,10.31,0.01,9.93,0.02,9.26,0.05,,,-1.37,D,,
55,05 35 13.52 -05 27 28.6,3,1,3980,4.28,0.384,1,2.626,0.073,F17,1,-10,,0,0,0,0,7.85E-04,1.57E-04,0.769,-10,12.244,0.021,11.3,0.03,10.88,0.017,,,,,,,,,,,,,,,,,,,,,,
56,05 35 21.47 -05 57 42.1,3,7,3880,4.65,0.282,3,2.653,0.089,F17,1,-10,,0,0,0,0,5.85E-04,1.17E-04,0.561,-10,11.987,0.017,11.346,0.03,11.086,0.018,11.006,0.024,10.894,0.022,,,,,,,,,,,,,,,,,,
57,05 35 42.61 -05 26 08.3,3,2,3090,3.53,0.204,1,2.43,0.079,F17,1,-10,,0,0,0,0,6.65E-04,1.33E-04,0.761,-10,12.779,0.024,12.047,0.04,,,,,,,,,,,,,,,,,,,,,,,,
58,05 33 51.3 -04 51 47.7,0,1,6590,4.52,0.232,1,0.857,0.077,F17,1,-10,,0,0,0,0,7.20E-04,1.44E-04,6.622,-10,13.298,0.023,12.362,0.028,11.967,0.021,11.693,0.024,11.579,0.023,,,,,,,,,,,,,,,,,,
59,05 34 39.03 -04 55 28.8,3,1,3970,4.24,0.47,1,2.53,0.036,F17,1,-10,,0,0,0,0,6.75E-04,1.35E-04,0.712,-10,12.114,0.017,11.206,0.028,10.868,0.017,10.685,0.024,10.655,0.022,,,,,,,,,,,,,,,,,,
60,05 34 48.23 -04 47 40.1,3,1,4010,4.23,0.243,1,2.517,0.02,F17,1,-10,,0,0,0,0,6.10E-04,1.22E-04,0.65,-10,10.725,0.019,9.972,0.028,9.724,0.019,9.498,0.024,9.417,0.023,6.7,0.05,4.445,0.094,,,,,,,,,,,,,,
61,05 35 02.0 -05 20 55.0,3,2,4200,4.37,0.405,1,2.998,0.668,F17,1,-10,,0,0,0,0,6.55E-04,1.31E-04,0.492,-10,,,,,,,,,,,,,,,,,,,,,,,,,,,,
62,05 35 04.63 -05 09 55.7,2,1,3660,4.03,0.324,1,2.694,0.036,F17,1,-10,0.00373,-0.036,0.008,-0.1071,0.006,0.003636,0.00007,3.39,0.11,11.399,0.023,10.706,0.034,10.389,0.023,10.158,0.023,10.175,0.021,,,,,10.21,0.01,10.12,0.01,10.02,0.01,10.05,0.07,5.35,0.02,-2.64,D,,
63,05 35 23.62 -05 20 03.26*,0,1,4010,4.13,0.513,0,2.555,-10,F17,1,-10,1370,1.939,0.03,-1.617,0.024,0.00101,0.00007,1.05,0.07,,,,,,,,,,,,,,,,,,,,,,,,,,,,
64,05 36 37.08 -05 04 41.46*,2,1,4000,4.53,0.453,2,2.521,0.083,F17,1,-10,0.00183,0.5997,0.016,-0.282,0.013,0.00192,0.00007,2.05,0.16,11.379,0.024,10.643,0.031,10.434,0.019,10.385,0.023,10.263,0.021,,,,,10.32,0.01,10.27,0.01,10.2,0.01,10.12,0.01,6.78,0.02,-2.6,D,,
65,05 36 50.78 -04 59 33.4,3,1,5860,5.1,0.0579,1,3.556,0.028,F17,1,-10,,0,0,0,0,6.40E-04,1.28E-04,0.342,-10,9.877,0.017,9.531,0.028,9.486,0.018,9.478,0.023,9.518,0.019,,,,,,,,,,,,,,,,,,
66,05 34 21.59 -05 10 13.95,0,4,5490,,0.119,1,1.315,0.042,K16,1,-10,,0,0,0,0,7.40E-04,1.48E-04,2.891,-10,12.974,0.019,12.15,0.029,11.858,0.021,11.624,0.047,11.638,0.071,,,4.978,0.107,,,,,,,,,,,,,,
67,05 34 30.207 -04 58 30.42,0,1,3890,4.59,0.307,0,3.136,0.151,K16,1,-10,,0,0,0,0,6.00E-04,1.20E-04,0.412,-10,12.419,0.025,11.717,0.035,11.486,0.025,11.437,0.026,11.315,0.025,,,,,,,,,,,,,,,,,,
68,05 34 40.87 -05 22 42.24,2,6,4220,4.74,1.13,1,3.322,0.165,K16,1,-10,0.0059,-0.0778,0.005,-0.092,0.004,0.00593,0.00007,3.65,0.36,10.529,0.018,9.458,0.031,8.599,0.019,7.17,0.039,6.485,0.024,4.753,0.024,,,7.23,0.01,6.89,0.01,6.43,0.01,5.88,0.01,3.08,0.01,-1.26,D,,
69,05 34 52.763 -05 00 50.91,3,1,3220,4.78,0.127,1,2.622,0.043,K16,1,-10,,0,0,0,0,6.90E-04,1.38E-04,0.678,-10,13.056,0.021,12.39,0.034,12.161,0.019,12.017,0.024,11.825,0.024,,,,,,,,,,,,,,,,,,
70,05 34 59.01 -05 44 29.50*,2,1,4150,,0.171,1,2.502,0.038,K16,1,-10,.00309?,-0.576,0.01,0.231,0.008,0.003186,0.00007,3.44,0.13,,,,,,,9.442,0.023,8.876,0.02,7.264,0.056,,,9.51,0.01,9.12,0.01,8.71,0.01,8.03,0.01,5.45,0.02,-1.14,D,,
70,05 34 59.12 -05 44 30.85*,2,1,4150,,0.171,1,2.453,0.039,K16,1,-10,.00255?,1.0554,0.012,-1.091,0.009,0.002599,0.00007,2.92,0.12,,,,,10.315,0.031,,,,,,,,,,,,,,,,,,,,,,
71,05 35 12.59 -05 23 44.16,2,4,4380,4.04,0.299,1,2.598,0.021,K16,1,-10,,0,0,0,0,2.24E-02,4.48E-03,22.4,-10,9.841,0.019,9.086,0.037,8.648,0.023,,,,,,,,,8.2,0.01,7.69,0.01,6.06,0.02,4.46,0.08,,,1.67,D,,yes
72,05 35 16.408 -04 58 02.0,,,4000,,,,2.609,0.051,K16,1,-10,,0,0,0,0,7.15E-04,1.43E-04,0.71,-10,,,12.574,0.071,12.342,0.026,10.857,0.073,10.471,0.088,,,,,,,,,,,,,,,,,,
73,05 35 17.92 -05 15 32.76,2,2,4370,4.02,0.171,1,2.329,0.162,K16,1,-10,0.00827,0.044,0.003,-0.137,0.0029,0.00846,0.00007,10.78,1.57,11.596,0.029,10.206,0.036,9.508,0.023,8.876,0.037,8.376,0.041,,,,,,,,,,,,,,,,,,
74,05 35 23.23 -04 43 02.90,3,6,4100,3.88,0.0702,1,2.578,0.022,K16,1,-10,,0,0,0,0,8.20E-04,1.64E-04,0.833,-10,11.71,0.019,10.92,0.028,10.766,0.018,10.719,0.028,10.764,0.027,,,,,,,,,,,,,,,,,,
75,05 35 25.676 -04 57 18.35,,,4000,,,,2.551,0.056,K16,1,-10,,0,0,0,0,6.40E-04,1.28E-04,0.664,-10,13.269,0.021,12.594,0.028,12.368,0.016,,,,,,,,,,,,,,,,,,,,,,
76,05 35 26.589 -04 56 06.71**,3,1,3980,4.29,0.403,1,2.543,0.027,K16,1,-10,,,,,,7.00E-04,1.40E-04,0.731,-10,11.857,0.023,11.158,0.03,10.931,0.019,,,,,,,,,,,,,,,,,,,,,,
76,05 35 27.05 -04 56 03.02*,,,,,,,2.555,-10,,,,0.00123,6.85,0.03,3.71,0.03,0.00094,0.00007,0.983,0.08,,,,,,,,,,,,,,,,,,,,,,,,,,,,
77,05 35 29.307 -05 45 38.17,,,4000,,,,2.524,0.057,K16,1,-10,,0,0,0,0,6.95E-04,1.39E-04,0.737,-10,12.935,0.019,12.253,0.031,12.022,0.02,11.751,0.024,11.606,0.025,8.11,0.036,,,,,,,,,,,,,,,,
78,05 35 32.34 -05 18 07.80,3,4,4190,4.09,0.143,1,2.582,0.054,K16,1,-10,,0,0,0,0,6.50E-04,1.30E-04,0.659,-10,11.55,0.019,10.613,0.03,10.283,0.019,10.066,0.051,,,,,,,,,,,,,,,,,,,,
79,05 36 05.655 -05 52 13.08,3,1,3620,4.78,0.277,1,2.612,0.042,K16,1,-10,,0,0,0,0,6.70E-04,1.34E-04,0.663,-10,12.887,0.026,12.217,0.029,11.966,0.019,11.812,0.025,11.639,0.025,,,,,,,,,,,,,,,,,,
80,05 33 29.386 -05 07 49.1,,,4700,,,,2.317,0.052,K16,1,-10,,0,0,0,0,7.65E-04,1.53E-04,0.963,-10,13.293,0.019,12.413,0.026,12.089,0.023,11.997,0.034,11.911,0.046,,,,,,,,,,,,,,,,,,
81,05 33 35.714 -05 09 23.5,,,4000,,,,2.567,0.044,K16,1,-10,,0,0,0,0,6.75E-04,1.35E-04,0.692,-10,12.497,0.021,11.684,0.022,11.409,0.019,11.267,0.024,11.106,0.022,,,,,,,,,,,,,,,,,,
82,05 33 36.441 -04 49 49.02,,,3750,,,,2.58,0.047,K16,1,-10,,0,0,0,0,8.70E-04,1.74E-04,0.883,-10,12.982,0.021,12.364,0.022,12.125,0.024,11.984,0.025,11.75,0.022,,,,,,,,,,,,,,,,,,
83,05 34 27.836 -05 43 31.52,3,5,3560,4.42,0.434,1,2.897,0.035,K16,1,-10,,0,0,0,0,6.50E-04,1.30E-04,0.523,-10,12.636,0.021,11.99,0.033,11.745,0.016,11.64,0.026,11.482,0.034,,,,,,,,,,,,,,,,,,
84,05 34 28.52 -05 24 57.96,2,1,4340,4.47,0.404,1,2.461,0.016,K16,1,-10,0.00247,0.103,0.001,0.0453,0.001,0.02469,0.00007,27.55,0.37,11.144,0.017,10.34,0.029,9.948,0.016,9.2,0.023,8.705,0.021,6.65,0.041,,,9.31,0.01,9.01,0.01,8.59,0.01,7.98,0.02,5.21,0.02,-1.29,D,yes,
85,05 34 35.681 -05 35 52.09,,,4200,,,,2.618,0.048,K16,1,-10,,0,0,0,0,6.65E-04,1.33E-04,0.66,-10,13.35,0.021,12.658,0.032,12.415,0.02,12.318,0.025,12.352,0.033,,,,,,,,,,,,,,,,,,
86,05 34 49.98 -05 18 44.64,,,,,,,2.562,0.017,K16,1,-10,,0,0,0,0,5.85E-04,1.17E-04,0.602,-10,8.776,0.015,7.997,0.035,7.303,0.015,6.134,0.096,5.334,0.062,4.001,0.02,,,6.02,0.01,5.52,0.01,5.1,0.01,4.44,0.01,2.79,0.01,-1.03,D,,
88,05 34 52.339 -05 30 08.01,3,5,3150,4.61,0.108,1,2.489,0.068,K16,1,-10,,0,0,0,0,6.55E-04,1.31E-04,0.714,-10,13.017,0.02,12.399,0.028,12.126,0.017,12.053,0.094,11.721,0.1,,,,,,,,,,,,,,,,,,
89,05 34 53.12 -05 47 42.5,,,5000,,,,2.784,0.086,K16,1,-10,,0,0,0,0,7.20E-04,1.44E-04,0.627,-10,14.03,0.021,13.378,0.039,13.163,0.029,12.93,0.034,13.435,0.104,,,,,,,,,,,,,,,,,,
90,05 34 57.452 -05 30 42.02,3,3,3990,4.24,0.174,1,2.469,0.057,K16,1,-10,,0,0,0,0,7.45E-04,1.49E-04,0.825,-10,12.736,0.02,11.994,0.03,11.764,0.019,11.874,0.072,,,,,,,,,,,,,,,,,,,,
91,05 35 02.497 -05 33 09.95,2,4,3960,4.2,0.527,1,2.537,0.051,K16,1,-10,,0,0,0,0,7.15E-04,1.43E-04,0.75,-10,12.089,0.021,11.319,0.032,10.999,0.021,9.893,0.027,9.484,0.024,5.442,0.028,,,10.16,0.01,9.81,0.01,9.28,0.04,8.61,0.05,5.69,0.04,-1.02,D,,
92,05 35 02.84 -05 51 03.1,,,3700,,,,2.627,0.033,K16,1,-10,,0,0,0,0,6.75E-04,1.35E-04,0.661,-10,12.778,0.021,12.05,0.031,11.847,0.019,11.69,0.036,11.687,0.037,,,,,,,,,,,,,,,,,,
93,05 35 03.036 -04 59 59.8,3,4,3210,4.72,0.255,1,2.559,0.038,K16,1,-10,,0,0,0,0,6.65E-04,1.33E-04,0.686,-10,12.611,0.024,11.952,0.04,11.721,0.028,11.569,0.05,11.407,0.055,,,,,,,,,,,,,,,,,,
94,05 35 04.76 -05 17 42.1,2,1,4390,4.45,0.441,1,0.409,0.359,K16,1,-10,0.00143,-0.0165,0.024,-0.148,0.018,0.001413,0.00007,,,11.525,0.021,10.099,0.03,9.339,0.019,8.177,0.025,7.699,0.025,,,,,8.24,0.01,7.83,0.01,7.52,0.01,7.09,0.05,,,-1.53,D,,
95,05 35 05.63 -05 25 19.52*,2,2,4640,4.4,1.02,1,2.547,0.02,K16,1,-10,0.0048,0.484,0.007,-0.322,0.005,0.004847,0.00007,5.05,0.11,8.993,0.023,8.11,0.053,7.434,0.021,,,,,,,,,6.69,0.01,6.02,0.01,5.37,0.01,4.35,0.01,,,-0.16,D,,
96,05 35 06.08 -05 52 39.3,,,3700,,,,1.629,0.37,K16,1,-10,,0,0,0,0,6.60E-04,1.32E-04,1.68,-10,12.633,0.021,11.942,0.03,11.724,0.022,11.612,0.028,11.611,0.029,,,,,,,,,,,,,,,,,,
97,05 35 06.59 -05 59 51.4,,,,,,,2.483,0.073,K16,1,-10,,0,0,0,0,6.40E-04,1.28E-04,0.701,-10,13.493,0.019,12.894,0.035,12.639,0.024,12.258,0.026,12.092,0.024,,,,,,,,,,,,,,,,,,
98,05 35 06.828 -05 10 38.53,3,2,3030,5.1,0.141,1,2.465,0.043,K16,1,-10,,0,0,0,0,7.10E-04,1.42E-04,0.789,-10,12.595,0.019,11.895,0.03,11.6,0.021,11.452,0.098,11.174,0.055,,,,,,,,,,,,,,,,,,
99,05 35 07.24 -04 50 25.4,3,4,3230,3.32,0.523,1,2.606,0.05,K16,1,-10,,0,0,0,0,6.55E-04,1.31E-04,0.651,-10,12.251,0.021,11.544,0.032,11.34,0.018,,,,,,,,,,,,,,,,,,,,,,
100,05 35 09.96 -05 57 11.9,2,8,4070,3.96,0.712,1,2.579,0.054,K16,1,-10,0.0177,0.263,0.002,0.059,0.002,0.0176,0.00008,17.93,0.73,12.055,0.019,10.535,0.032,9.609,0.016,8.606,0.023,7.757,0.019,5.383,0.015,3.461,0.029,8.36,0.01,7.76,0.01,7.21,0.01,6.32,0.01,3.48,0.01,-0.5,D,,
101,05 35 11.97 -05 20 33.1,,,,,,,2.476,0.057,K16,1,-10,,0,0,0,0,1.16E-03,2.32E-04,1.278,-10,10.928,0.019,9.596,0.031,8.851,0.019,,,,,,,,,8.19,0.01,7.87,0.01,7.47,0.02,6.57,0.03,,,-0.97,D,,yes
102,05 35 12.9 -05 59 38.5,3,4,3960,4.52,0.211,1,2.624,0.029,K16,1,-10,,0,0,0,0,6.80E-04,1.36E-04,0.667,-10,12.762,0.021,12.021,0.032,11.853,0.018,11.694,0.024,11.619,0.025,9.446,0.067,,,,,,,,,,,,,,,,
103,05 35 14.668 -05 08 52.08,3,2,3070,4.68,0.103,1,2.607,0.039,K16,1,-10,,0,0,0,0,6.30E-04,1.26E-04,0.626,-10,12.836,0.019,12.226,0.028,11.956,0.017,11.561,0.03,12.43,0.038,,,,,,,,,,,,,,,,,,
104,05 35 15.758 -05 21 39.82,,,,,,,2.497,0.08,K16,1,-10,,0,0,0,0,1.58E-02,3.15E-03,17.1,-10,12.821,0.033,11.821,0.039,,,,,,,,,,,,,,,,,,,,,,,,yes
105,05 35 17.139 -05 12 39.41,,,4200,,,,2.522,0.084,K16,1,-10,,0,0,0,0,7.65E-04,1.53E-04,0.812,-10,13.476,0.021,12.886,0.032,12.595,0.021,,,,,,,,,,,,,,,,,,,,,,
106,05 35 18.098 -04 31 19.33,,,3850,,,,2.684,0.045,K16,1,-10,,0,0,0,0,7.50E-04,1.50E-04,0.703,-10,12.682,0.019,12.036,0.03,11.79,0.019,11.63,0.024,11.424,0.026,,,5.487,0.057,,,,,,,,,,,,,,
107,05 35 20.04 -05 21 05.9**,2,1,4410,4.01,0.181,1,2.21,0.16,K16,1,-10,,,,,,2.37E-03,4.74E-04,3.28,-10,10.59,0.03,9.4,0.04,8.71,0.03,,,,,,,,,7.62,0.01,7.12,0.01,6.43,0.02,,,,,,D,,yes
107,05 35 20.22 -05 20 57.02*,,,,,,,3.982,0.765,,,,0.012,2.74,0.004,8.888,0.003,0.00792,0.00007,3.84,2,7.985,0.019,6.798,0.053,5.867,0.021,,,,,,,,,,,,,,,,,,,,,,yes
107,05 35 19.77 -05 21 10.68*,,,,,,,2.576,0.736,,,,0.00434,-3.973,0.009,-4.788,0.007,0.003798,0.00007,5.36,5.82,,,,,,,,,,,,,,,,,,,,,,,,,,,,yes
108,05 35 22.817 -05 44 42.89,,,,,,,2.597,0.038,K16,1,-10,,0,0,0,0,7.15E-04,1.43E-04,0.716,-10,11.811,0.019,10.949,0.028,10.641,0.02,10.467,0.023,10.303,0.023,,,,,,,,,,,,,,,,,,
109,05 35 23.97 -05 59 41.9,3,1,4320,4.68,0.158,1,2.39,0.028,K16,1,-10,,0,0,0,0,6.80E-04,1.36E-04,0.804,-10,11.15,0.017,10.462,0.03,10.332,0.02,10.231,0.023,10.241,0.02,8.741,0.06,,,,,,,,,,,,,,,,
110,05 35 24.25 -05 25 18.48,,,,,,,2.418,0.049,K16,1,-10,0.00402,0.157,0.009,-0.229,0.006,0.004062,0.00007,4.69,0.21,11.442,0.017,10.465,0.03,10.037,0.017,,,,,,,,,9.61,0.01,9.22,0.01,,,,,,,,D,,
111,05 35 24.43 -05 24 39.8,2,1,4120,4.15,0.646,1,2.498,0.059,K16,1,-10,0.0563,0.1238,0.0006,-0.025,0.0005,0.056599,0.00007,6.14,0.3,10.75,0.03,9.693,0.041,8.912,0.028,,,,,,,,,7.78,0.01,7.37,0.01,6.3,0.01,4.83,0.02,,,0.65,D,yes,
111,05 35 24.70 -05 24 44.16*,2,1,4120,,0.646,1,2.555,-10,K16,1,-10,0.0218,4.0353,0.002,-4.352,0.001,0.02117,0.00007,21.91,0.07,,,,,,,,,,,,,,,,,,,,,,,,,,,yes,
112,05 35 25.4 -05 51 08.64,0,1,6220,3.92,0.13,1,2.626,0.021,K16,1,-10,0.00141,-0.089,0.02,-0.071,0.02,0.00147,0.00007,1.44,0.07,8.874,0.017,8.692,0.031,8.369,0.021,7.29,0.037,6.286,0.027,4.001,0.017,2.509,0.028,,,,,,,,,,,,,,
113,05 35 26.06 -05 08 37.9**,,,3850,,,,2.632,0.081,K16,1,-10,,,,,,2.61E-03,5.21E-04,2.55,-10,,,,,,,,,,,,,,,,,,,,,,,,,,,,yes
113,05 35 26.16 -05 08 33.49*,,,,,,,2.632,0.081,,,,0.0047,1.498,0.007,4.373,0.005,0.00559,0.00008,5.47,0.33,,,,,,,,,,,,,,,,,,,,,,,,,,,,
114,05 35 26.417 -05 55 26.68,,,3750,,,,2.528,0.066,K16,1,-10,,0,0,0,0,7.40E-04,1.48E-04,0.722,-10,13.316,0.019,12.582,0.034,12.276,0.024,,,,,,,,,11.76,0.01,11.53,0.01,11.07,0.02,10.68,0.02,8.43,0.08,-1.54,D,,
115,05 35 30.48 -05 24 23.0,0,1,4310,4.24,0.0719,0,2.514,0.097,K16,1,-10,,0,0,0,0,6.50E-04,1.30E-04,0.695,-10,11.115,0.019,10.31,0.03,10.077,0.019,,,,,,,,,,,,,,,,,,,,,,
116,05 35 30.913 -05 18 17.95**,3,2,3690,4,0.449,1,1.869,0.115,K16,1,-10,,0,0,0,0,7.60E-04,1.52E-04,1.47,-10,11.571,0.019,10.771,0.03,10.408,0.019,9.692,0.035,9.758,0.062,,,,,,,,,,,,,,,,,,
116,05 35 30.70 -05 18 07.18*,,,,,,,2.462,0.059,,,,,-3.117,0.004,10.772,0.003,8.92E-03,7.67E-05,9.98,0.48,,,,,,,,,,,,,,,,,,,,,,,,,,,,
117,05 35 32.52 -05 26 10.4,0,1,4090,4.34,0.16,0,2.342,0.079,K16,1,-10,,0,0,0,0,6.90E-04,1.38E-04,0.85,-10,11.626,0.021,10.877,0.032,10.569,0.017,10.202,0.049,,,,,,,,,,,,,,,,,,,,
118,05 35 33.14 -05 47 07.44,2,1,3720,4.28,0.289,1,2.616,0.049,K16,1,-10,,0,0,0,0,6.80E-04,1.36E-04,0.671,-10,13.124,0.019,12.408,0.028,12.177,0.022,11.901,0.026,11.695,0.026,8.753,0.063,,,11.86,0.01,11.68,0.01,11.46,0.03,10.9,0.06,8,0.07,-1.74,D,,
119,05 35 33.456 -04 56 01.76,,,3750,,,,2.554,0.057,K16,1,-10,,0,0,0,0,7.90E-04,1.58E-04,0.818,-10,12.964,0.021,12.318,0.028,12.061,0.019,11.536,0.036,11.23,0.057,,,,,,,,,,,,,,,,,,
120,05 35 33.85 -05 48 21.1,,,4500,,,,1.272,0.125,K16,1,-10,,0,0,0,0,6.35E-04,1.27E-04,2.65,-10,14.304,0.027,13.319,0.037,12.898,0.028,12.802,0.038,12.909,0.063,,,,,,,,,,,,,,,,,,
121,05 35 34.093 -04 32 37.01,,,,,,,2.375,0.059,K16,1,-10,,0,0,0,0,8.05E-04,1.61E-04,0.964,-10,12.814,0.023,12.173,0.029,11.913,0.019,11.68,0.025,11.495,0.024,,,5.929,0.09,,,,,,,,,,,,,,
122,05 35 37.341 -06 00 00.21,3,4,2310,4.32,0.00436,1,2.637,0.049,K16,1,-10,,0,0,0,0,7.80E-04,1.56E-04,0.758,-10,13.154,0.021,12.448,0.028,12.212,0.019,12.072,0.024,11.919,0.023,,,,,,,,,,,,,,,,,,
123,05 35 38.214 -05 14 19.02,3,2,3760,3.85,0.262,1,2.588,0.051,K16,1,-10,,0,0,0,0,7.10E-04,1.42E-04,0.716,-10,11.597,0.019,10.789,0.029,10.524,0.018,,,,,,,,,,,,,,,,,,,,,,
124,05 35 39.07 -05 08 56.4,3,1,4390,3.99,0.000135,1,2.571,0.015,K16,1,-10,,0,0,0,0,7.45E-04,1.49E-04,0.761,-10,10.88,0.017,10.165,0.029,9.999,0.018,9.82,0.028,9.947,0.035,6.862,0.103,,,,,,,,,,,,,,,,
125,05 35 39.495 -04 40 19.42,3,1,4180,4.12,0.0746,1,2.613,0.038,K16,1,-10,,0,0,0,0,7.20E-04,1.44E-04,0.712,-10,12.493,0.03,11.594,0.037,11.285,0.023,,,,,,,,,,,,,,,,,,,,,,
126,05 35 42.84 -05 51 36.8,0,1,6500,4.38,0.326,1,1.647,0.067,K16,1,-10,,0,0,0,0,6.95E-04,1.39E-04,1.731,-10,13.096,0.019,12.179,0.03,11.744,0.016,11.48,0.023,11.322,0.024,,,,,,,,,,,,,,,,,,
127,05 35 43.24 -05 09 17.1,3,1,4200,4.12,0.152,1,2.555,-10,K16,1,-10,,0,0,0,0,7.20E-04,1.44E-04,0.745,-10,10.738,0.019,10.034,0.033,9.848,0.016,9.617,0.027,9.58,0.031,6.73,0.089,,,,,,,,,,,,,,,,
128,05 35 48.853 -05 00 28.56,,,4250,,,,2.566,0.043,K16,1,-10,,0,0,0,0,7.15E-04,1.43E-04,0.733,-10,12.622,0.021,11.646,0.028,11.284,0.017,11.068,0.024,11.113,0.025,,,,,,,,,,,,,,,,,,
129,05 36 03.355 -04 57 40.48,,,4000,,,,2.566,0.039,K16,1,-10,,0,0,0,0,6.40E-04,1.28E-04,0.657,-10,13.121,0.021,12.466,0.032,12.184,0.019,11.966,0.069,11.787,0.07,,,,,,,,,,,,,,,,,,
130,05 36 06.61 -05 41 54.23,,,,,,,2.538,0.089,K16,1,-10,0.00328,0.153,0.011,0.118,0.008,0.00331,0.00008,3.49,0.28,13.457,0.091,12.904,0.088,12.614,0.029,,,,,,,,,12.31,0.01,12.2,0.01,12.45,0.17,,,6.8,0.04,,D,,
130,05 36 06.32 -05 41 56.56*,,,,,,,2.606,0.02,,,,0.00236,-4.283,0.02,-2.194,0.012,0.002349,0.00007,2.434,0.08,10.14,0.028,9.694,0.033,9.592,0.021,9.522,0.027,9.531,0.03,,,,,,,,,,,,,,,,,,
,,,,,,,,,,,,,,,,,,,,,,,,,,,,,,,,,,,,,,,,,,,,,,,,,
,,,,,,,,,,,,,,,,,,,,,,,,,,,,,,,,,,,,,,,,,,,,,,,,,
,"#YSO, Nepoch, Teff, veil, SB2 data from Kounkel et al. 2019",,,,,,,,,,,,,,,,,,,,,,,,,,,,,,,,,,,,,,,,,,,,,,,,
,# Teff from K16 if not in Kounkel et al. 2019,,,,,,,,,,,,,,,,,,,,,,,,,,,,,,,,,,,,,,,,,,,,,,,,
,# F17 = Fernandez et al. 2017,,,,,,,,,,,,,,,,,,,,,,,,,,,,,,,,,,,,,,,,,,,,,,,,
,# K16 = Kounkel et al. 2016,,,,,,,,,,,,,,,,,,,,,,,,,,,,,,,,,,,,,,,,,,,,,,,,
,"# parallax from GAIA DR3, searching within 5"" of coordinates",,,,,,,,,,,,,,,,,,,,,,,,,,,,,,,,,,,,,,,,,,,,,,,,
,# SB2-0 = Undeconvovalvable cross-correlation function,,,,,,,,,,,,,,,,,,,,,,,,,,,,,,,,,,,,,,,,,,,,,,,,
,# SB2-1 = Only a single component in the CCF,,,,,,,,,,,,,,,,,,,,,,,,,,,,,,,,,,,,,,,,,,,,,,,,
,# SB2-2 = Multiple components in the CCF with Flag 4,,,,,,,,,,,,,,,,,,,,,,,,,,,,,,,,,,,,,,,,,,,,,,,,
,# 17 phase center: 05 34 52.2 -04 40 11.7,,,,,,,,,,,,,,,,,,,,,,,,,,,,,,,,,,,,,,,,,,,,,,,,
,# 63 phase center: 05 35 23.49 -05 20 01.60,,,,,,,,,,,,,,,,,,,,,,,,,,,,,,,,,,,,,,,,,,,,,,,,
,# 64 phase center: 05 36 37.04 -05 04 41.2,,,,,,,,,,,,,,,,,,,,,,,,,,,,,,,,,,,,,,,,,,,,,,,,
,# 70 phase center: 05 34 59.05 -05 44 29.76,,,,,,,,,,,,,,,,,,,,,,,,,,,,,,,,,,,,,,,,,,,,,,,,
,#76 phase center: 05 35 26.589 -04 56 06.71,,,,,,,,,,,,,,,,,,,,,,,,,,,,,,,,,,,,,,,,,,,,,,,,
,# 95 phase center: 05 35 05.6 -05 25 19.2,,,,,,,,,,,,,,,,,,,,,,,,,,,,,,,,,,,,,,,,,,,,,,,,
,#107 phase center: 05 35 20.04 -05 21 05.9,,,,,,,,,,,,,,,,,,,,,,,,,,,,,,,,,,,,,,,,,,,,,,,,
,# 111 phase center: 05 35 24.43 -05 24 39.8,,,,,,,,,,,,,,,,,,,,,,,,,,,,,,,,,,,,,,,,,,,,,,,,
,# 113 phase center: 05 35 26.06 -05 08 37.9,,,,,,,,,,,,,,,,,,,,,,,,,,,,,,,,,,,,,,,,,,,,,,,,
,# 130 phase center: 05 36 06.601 -05 41 54.38,,,,,,,,,,,,,,,,,,,,,,,,,,,,,,,,,,,,,,,,,,,,,,,,
,# * = position of detection,,,,,,,,,,,,,,,,,,,,,,,,,,,,,,,,,,,,,,,,,,,,,,,,
,# **=position of phase center,,,,,,,,,,,,,,,,,,,,,,,,,,,,,,,,,,,,,,,,,,,,,,,,