RAJ2000,DEJ2000,Teff
05 32 33.99,-04 44 55.65,5505.834
05 32 34.29,-04 56 25.47,4381.024
05 32 34.57,-04 39 54.63,5982.788
05 32 35.05,-06 05 37.31,3322.016
05 32 36.16,-05 00 41.98,3182.093
05 32 37.16,-05 53 21.53,5751.805
05 32 37.45,-05 04 02.33,5530.482
05 32 37.49,-05 12 41.28,3595.335
05 32 38.05,-05 51 48.41,3459.786
05 32 38.46,-05 31 18.09,5590.652
05 32 41.19,-05 04 24.59,6005.047
05 32 41.19,-05 51 25.55,6668.523
05 32 41.25,-05 20 45.28,6424.5
05 32 41.97,-05 39 23.97,4178.382
05 32 42.53,-05 05 37.41,3301.072
05 32 42.67,-04 59 31.30,3865.094
05 32 42.79,-05 11 06.03,5810.269
05 32 43.42,-05 35 57.22,3434.97
05 32 44.08,-05 29 52.39,4600.029
05 32 44.29,-04 56 09.25,5910.494
05 32 44.38,-05 20 06.69,5262.534
05 32 44.39,-05 51 10.10,4641.826
05 32 45.67,-05 19 49.01,4261.928
05 32 45.92,-06 08 36.21,5581.017
05 32 46.37,-05 00 11.10,5533.298
05 32 46.49,-04 57 39.45,6999.997
05 32 46.93,-05 16 10.65,6190.104
05 32 47.61,-04 48 52.25,3350.037
05 32 47.90,-06 13 12.97,5504.548
05 32 49.77,-04 28 16.99,6182.734
05 32 51.00,-04 27 39.50,6996.571
05 32 51.04,-05 42 34.29,6594.292
05 32 52.10,-05 55 02.02,6582.331
05 32 53.52,-06 06 01.10,3274.44
05 32 55.78,-05 37 02.19,3199.352
05 32 56.24,-04 51 04.34,5496.095
05 32 56.30,-06 03 18.91,3492.08
05 32 56.90,-05 12 47.70,3515.028
05 32 56.94,-05 14 27.62,5773.735
05 32 57.08,-04 33 59.39,6999.741
05 32 57.17,-05 07 32.84,6998.026
05 32 57.92,-06 02 42.99,3438.171
05 32 58.55,-05 01 03.05,6210.54
05 32 58.61,-05 05 12.29,6998.932
05 32 59.25,-05 24 26.06,3388.789
05 32 59.66,-04 32 38.83,5655.176
05 32 59.68,-04 43 21.60,4639.559
05 32 59.89,-04 47 17.87,3857.784
05 33 00.64,-05 02 57.92,5990.852
05 33 01.37,-06 08 08.00,5320.631
05 33 01.75,-04 49 18.46,2852.885
05 33 03.47,-04 52 34.81,5019.404
05 33 03.82,-05 29 25.26,5087.516
05 33 04.30,-05 12 31.56,5339.488
05 33 04.33,-05 19 41.01,4355.743
05 33 04.99,-05 34 35.67,6628.311
05 33 05.42,-04 57 12.89,5748.611
05 33 05.51,-04 32 50.01,5613.325
05 33 06.01,-04 29 17.42,3458.705
05 33 07.32,-04 56 34.84,4386.693
05 33 07.48,-05 20 25.94,6862.262
05 33 07.58,-05 09 27.95,6995.815
05 33 07.59,-06 12 02.88,5698.153
05 33 07.91,-05 57 17.73,5519.397
05 33 07.96,-04 34 18.09,5291.494
05 33 08.92,-05 34 18.78,6017.204
05 33 09.34,-04 28 55.17,5310.531
05 33 10.53,-05 42 24.47,3467.59
05 33 10.59,-04 59 07.89,3371.931
05 33 11.41,-05 28 54.18,4813.748
05 33 11.53,-04 53 27.60,4430.457
05 33 13.45,-04 51 32.81,3520.487
05 33 14.16,-06 11 48.92,3390.933
05 33 14.92,-05 30 33.56,3263.934
05 33 15.61,-04 28 09.30,5795.689
05 33 16.25,-06 13 19.51,4498.466
05 33 17.33,-05 19 34.17,4557.506
05 33 17.51,-04 21 12.83,6999.742
05 33 18.14,-04 22 43.33,3350.208
05 33 19.65,-06 16 58.20,4660.506
05 33 19.80,-06 04 23.27,3472.574
05 33 20.14,-06 14 04.64,5429.072
05 33 20.44,-05 11 23.97,3321.018
05 33 20.72,-04 30 11.06,5668.693
05 33 21.16,-04 43 53.63,3950.957
05 33 21.37,-05 21 34.71,4276.0
05 33 21.77,-05 04 16.72,3424.369
05 33 22.01,-04 38 28.88,6534.966
05 33 22.17,-06 11 53.83,3744.98
05 33 22.20,-04 42 53.48,3330.317
05 33 22.31,-04 26 39.85,4386.612
05 33 22.34,-05 21 35.77,6067.405
05 33 22.40,-05 32 33.50,3470.517
05 33 22.49,-05 23 03.15,3344.841
05 33 22.64,-06 07 09.78,3484.316
05 33 22.93,-05 06 47.96,3437.518
05 33 23.14,-04 34 12.46,6021.992
05 33 23.26,-05 19 54.34,4601.7
05 33 23.45,-04 32 50.61,3196.355
05 33 23.54,-05 39 17.30,5523.75
05 33 23.71,-06 09 33.62,3604.441
05 33 23.97,-05 17 42.39,5821.799
05 33 24.02,-06 07 10.44,3338.534
05 33 24.43,-05 21 16.48,6074.736
05 33 25.04,-04 23 20.16,3440.899
05 33 25.53,-06 06 34.46,3373.274
05 33 25.54,-05 20 37.00,5075.468
05 33 26.40,-05 16 40.62,5228.562
05 33 26.79,-05 08 15.21,5751.389
05 33 27.73,-04 30 21.47,5286.795
05 33 27.74,-05 56 18.81,5513.468
05 33 27.80,-06 02 56.17,6454.983
05 33 27.83,-06 09 22.02,5644.268
05 33 28.49,-06 02 06.18,3344.718
05 33 28.52,-05 17 26.27,3710.347
05 33 28.87,-04 43 13.16,4427.932
05 33 28.90,-05 19 32.32,4411.948
05 33 28.92,-05 09 30.68,5742.333
05 33 29.10,-04 50 58.43,4867.007
05 33 29.46,-05 45 26.06,6000.043
05 33 30.20,-05 22 57.47,6118.674
05 33 30.21,-06 04 09.61,3531.776
05 33 30.48,-04 42 12.06,6320.457
05 33 30.69,-05 02 14.86,3547.29
05 33 30.76,-05 13 52.06,3358.8
05 33 30.95,-04 57 40.47,5779.291
05 33 31.00,-06 06 05.62,3353.313
05 33 31.12,-05 25 22.80,3266.527
05 33 31.49,-06 09 54.18,3159.422
05 33 31.79,-06 24 17.11,3424.749
05 33 32.24,-05 33 33.89,4595.956
05 33 32.55,-06 06 47.70,3225.825
05 33 32.91,-05 59 09.45,6423.946
05 33 33.05,-05 11 55.50,3349.677
05 33 33.36,-05 04 23.56,5849.838
05 33 33.78,-06 26 22.10,3239.648
05 33 33.90,-05 33 26.45,3384.883
05 33 34.06,-05 05 01.54,6999.176
05 33 34.26,-04 43 45.80,3696.078
05 33 34.30,-04 44 18.09,3379.563
05 33 34.40,-06 13 52.67,3463.332
05 33 34.44,-05 14 17.74,3429.326
05 33 34.88,-04 32 28.65,5869.741
05 33 35.81,-06 06 25.85,3261.129
05 33 35.89,-05 01 32.49,3366.602
05 33 35.90,-06 06 41.48,4327.607
05 33 36.44,-05 11 53.39,3534.46
05 33 37.05,-05 23 06.99,3449.225
05 33 37.25,-05 26 52.90,4468.4
05 33 38.10,-05 14 23.19,6529.53
05 33 38.51,-06 09 19.31,3432.197
05 33 38.56,-05 13 12.53,3294.809
05 33 39.14,-05 33 10.89,6522.944
05 33 39.70,-04 50 02.93,5304.684
05 33 40.02,-05 15 24.34,4201.582
05 33 41.19,-05 00 50.05,5527.253
05 33 41.28,-04 49 25.75,3434.074
05 33 41.57,-05 09 34.27,5995.304
05 33 41.68,-05 24 04.26,3431.444
05 33 43.35,-04 47 09.21,3267.617
05 33 43.57,-05 32 25.76,4653.298
05 33 43.68,-06 24 28.78,4297.801
05 33 44.19,-04 39 58.90,6192.032
05 33 44.50,-04 59 30.80,5247.542
05 33 44.72,-05 21 04.08,4366.012
05 33 44.79,-05 14 09.88,3895.658
05 33 44.98,-06 14 00.51,3532.644
05 33 45.19,-04 37 08.80,3911.929
05 33 45.26,-05 30 49.88,3771.724
05 33 45.38,-06 04 25.38,3438.284
05 33 45.45,-05 36 32.36,3150.441
05 33 45.58,-05 00 40.76,3355.61
05 33 46.10,-05 34 26.47,3895.987
05 33 46.48,-05 25 22.35,5139.601
05 33 46.48,-05 57 12.75,5008.282
05 33 46.51,-06 15 16.71,4158.487
05 33 46.69,-05 23 25.61,3239.23
05 33 47.33,-06 00 39.62,3347.476
05 33 47.65,-05 25 48.58,3242.586
05 33 47.80,-04 55 03.63,3420.496
05 33 48.22,-05 13 26.21,3354.999
05 33 48.34,-05 22 39.36,3466.612
05 33 48.96,-05 17 53.19,3468.029
05 33 49.04,-06 20 31.88,5478.3
05 33 49.29,-05 32 45.14,5806.965
05 33 49.52,-05 45 43.48,4978.825
05 33 49.54,-05 36 20.84,3973.273
05 33 50.27,-04 38 34.18,3811.383
05 33 50.32,-06 21 30.88,3515.324
05 33 50.74,-05 00 39.45,3368.912
05 33 51.30,-04 51 47.77,6568.995
05 33 51.32,-05 23 16.45,3195.313
05 33 51.35,-04 48 22.20,3526.247
05 33 51.42,-04 36 55.36,6008.7
05 33 51.83,-06 12 46.63,4308.4
05 33 51.88,-05 54 25.75,3482.884
05 33 52.01,-05 06 55.78,3311.308
05 33 52.11,-05 30 28.48,3344.081
05 33 52.36,-05 41 50.20,4235.734
05 33 52.38,-05 31 22.99,4376.97
05 33 52.42,-04 44 00.94,5485.207
05 33 53.09,-05 35 15.29,6249.23
05 33 53.25,-05 16 33.24,4969.531
05 33 53.26,-04 56 05.05,3430.94
05 33 53.41,-06 17 10.22,3350.712
05 33 54.14,-05 03 40.16,3219.078
05 33 54.15,-06 06 37.60,3397.254
05 33 54.50,-05 32 00.34,3569.112
05 33 54.58,-06 02 08.68,4074.72
05 33 54.68,-06 04 13.18,3865.367
05 33 55.23,-05 38 50.52,6689.031
05 33 55.52,-05 25 57.59,4349.972
05 33 55.80,-04 47 49.71,3429.349
05 33 56.53,-04 28 34.31,3397.223
05 33 56.73,-05 21 33.95,3269.03
05 33 57.02,-05 42 10.23,3391.95
05 33 57.33,-04 59 15.75,3196.645
05 33 57.69,-05 40 06.10,3446.221
05 33 57.84,-04 25 05.34,5188.595
05 33 58.09,-05 50 22.82,4111.585
05 33 58.66,-06 08 09.49,4461.811
05 33 59.40,-05 50 18.70,3329.01
05 33 59.73,-05 06 39.93,3192.444
05 34 00.06,-04 57 22.55,3937.039
05 34 00.24,-06 26 10.26,5814.83
05 34 00.24,-06 33 22.51,5702.99
05 34 00.35,-05 35 43.45,4275.947
05 34 00.42,-04 36 15.03,3176.578
05 34 01.09,-06 02 26.83,3920.266
05 34 01.72,-05 46 51.35,3493.41
05 34 01.78,-04 44 42.35,4948.099
05 34 01.86,-05 59 41.16,4501.1
05 34 01.94,-04 45 49.33,3268.793
05 34 02.03,-04 44 53.65,3204.96
05 34 02.18,-05 36 19.52,3812.167
05 34 02.67,-06 05 31.54,4058.939
05 34 02.85,-05 36 33.95,3770.138
05 34 02.92,-05 49 44.33,3460.491
05 34 03.00,-05 36 57.28,4200.981
05 34 03.14,-05 54 54.83,4562.275
05 34 03.70,-05 22 18.82,3344.136
05 34 03.83,-06 16 04.47,3438.764
05 34 03.84,-04 36 06.22,3463.708
05 34 04.45,-05 02 56.33,5381.216
05 34 04.63,-05 22 22.45,3250.571
05 34 04.96,-06 23 46.99,3248.385
05 34 05.03,-04 53 11.23,3281.686
05 34 05.73,-05 52 43.55,5226.286
05 34 05.96,-05 22 43.59,3928.175
05 34 06.23,-06 30 45.06,3397.467
05 34 06.68,-06 24 11.93,4325.666
05 34 06.93,-04 39 30.33,4567.741
05 34 07.11,-05 49 25.19,6077.615
05 34 07.32,-05 13 45.47,4564.216
05 34 07.38,-04 32 31.50,6337.655
05 34 07.46,-05 13 36.50,3448.468
05 34 07.52,-06 04 46.39,3429.587
05 34 07.78,-05 55 47.14,4224.926
05 34 07.86,-05 50 58.15,5932.798
05 34 07.97,-05 36 17.09,3006.054
05 34 08.17,-04 43 57.36,5723.318
05 34 08.19,-05 11 42.90,3309.078
05 34 08.61,-04 46 33.30,5660.236
05 34 08.82,-05 10 19.22,6185.31
05 34 08.89,-05 01 42.12,3457.377
05 34 09.01,-05 24 05.70,3453.901
05 34 09.41,-04 23 45.40,4935.707
05 34 09.60,-04 44 26.81,5207.968
05 34 09.81,-04 28 19.52,6438.292
05 34 10.41,-05 10 20.96,6159.696
05 34 10.48,-04 50 35.17,4487.675
05 34 11.33,-06 31 19.56,5319.175
05 34 11.39,-04 51 22.98,3457.466
05 34 11.60,-05 55 21.95,3367.845
05 34 12.03,-05 24 19.63,3363.461
05 34 12.21,-04 50 07.27,3220.989
05 34 12.35,-04 35 44.84,5769.334
05 34 12.63,-04 50 24.74,4406.295
05 34 12.89,-05 28 48.24,4173.099
05 34 13.00,-05 42 13.37,3650.818
05 34 13.20,-05 33 53.56,3448.862
05 34 13.46,-05 55 41.78,3453.295
05 34 13.47,-04 23 53.97,3283.993
05 34 13.52,-05 35 38.64,3313.385
05 34 13.87,-05 36 35.38,3234.976
05 34 14.16,-05 36 54.25,5524.981
05 34 14.21,-05 42 21.03,3535.221
05 34 14.47,-05 28 16.80,4571.563
05 34 14.75,-06 19 18.16,3428.337
05 34 14.94,-05 15 49.60,3811.002
05 34 15.20,-05 11 49.44,6403.702
05 34 15.26,-05 04 51.75,3068.521
05 34 15.67,-05 32 24.16,3483.157
05 34 15.75,-06 36 04.65,4795.871
05 34 16.35,-04 49 27.15,3077.705
05 34 16.46,-05 36 45.57,3332.85
05 34 17.04,-04 43 46.36,5596.598
05 34 17.05,-04 48 03.70,3888.28
05 34 17.14,-05 38 16.82,3348.543
05 34 17.23,-05 29 04.31,3223.693
05 34 17.43,-05 30 35.29,3457.312
05 34 17.49,-05 31 58.63,3393.725
05 34 17.50,-05 10 35.73,6640.76
05 34 17.56,-06 03 38.16,3494.252
05 34 17.78,-05 55 43.14,6447.748
05 34 18.01,-05 33 33.31,3540.777
05 34 18.11,-05 28 33.55,3374.238
05 34 18.24,-04 28 34.45,4465.816
05 34 18.31,-05 31 16.44,3845.659
05 34 18.53,-05 34 00.24,4000.2
05 34 18.56,-05 04 47.94,4457.189
05 34 18.85,-05 07 01.68,3582.417
05 34 19.17,-06 26 10.98,6009.806
05 34 19.34,-04 21 15.15,5506.319
05 34 19.35,-05 50 26.06,5594.838
05 34 19.48,-05 27 12.16,5517.8
05 34 19.55,-05 30 19.86,4399.377
05 34 19.60,-04 28 42.55,6553.382
05 34 20.00,-04 21 35.38,5578.6
05 34 20.09,-05 38 58.50,4810.18
05 34 20.18,-05 51 43.10,5180.334
05 34 20.26,-05 58 15.61,3283.716
05 34 20.34,-04 58 56.45,3351.534
05 34 20.53,-05 18 45.10,3448.001
05 34 20.69,-04 35 01.93,3340.587
05 34 20.74,-05 30 46.16,3719.84
05 34 20.80,-05 23 29.18,3249.1
05 34 20.96,-04 34 09.30,3896.345
05 34 21.12,-06 39 13.98,6197.476
05 34 21.24,-05 35 34.76,3225.103
05 34 21.34,-04 33 43.57,5127.93
05 34 21.38,-04 18 38.71,5688.113
05 34 21.54,-05 10 53.54,5501.716
05 34 22.16,-04 20 30.58,5518.693
05 34 22.24,-04 57 41.07,4595.869
05 34 22.57,-06 20 29.25,3232.123
05 34 22.99,-04 41 39.27,3545.893
05 34 23.06,-04 35 56.90,6947.344
05 34 23.14,-04 30 14.10,5120.328
05 34 23.61,-06 18 38.93,3423.835
05 34 23.82,-05 08 15.91,3435.2
05 34 23.87,-05 15 40.33,3951.083
05 34 24.09,-04 47 11.65,4610.207
05 34 24.25,-04 46 55.52,3342.125
05 34 24.29,-04 18 10.75,4595.008
05 34 24.30,-06 06 55.58,3771.275
05 34 24.38,-04 52 52.42,3546.519
05 34 24.59,-04 17 59.51,3486.521
05 34 24.78,-05 22 10.43,3447.778
05 34 24.85,-06 44 40.59,3316.152
05 34 24.96,-05 22 05.58,5670.354
05 34 25.11,-06 43 27.47,3548.986
05 34 25.18,-04 45 10.92,3573.559
05 34 25.36,-05 43 18.71,5309.114
05 34 25.42,-04 56 55.06,3361.783
05 34 25.73,-04 56 55.42,4213.087
05 34 25.75,-06 04 35.17,5505.667
05 34 25.88,-04 56 27.46,3476.809
05 34 26.16,-05 26 30.40,3914.495
05 34 26.18,-05 24 19.02,3916.8
05 34 26.25,-04 22 16.28,6998.849
05 34 26.26,-06 46 09.30,4251.066
05 34 26.35,-06 11 01.60,6018.933
05 34 26.51,-05 23 23.92,3192.661
05 34 26.76,-05 41 57.35,3364.316
05 34 26.79,-05 28 32.17,3524.372
05 34 26.98,-05 18 03.30,3110.234
05 34 27.06,-05 32 29.12,3361.656
05 34 27.34,-05 24 22.27,4283.171
05 34 27.54,-05 28 28.47,3251.961
05 34 27.67,-05 37 19.23,3332.791
05 34 27.70,-05 31 55.30,4490.864
05 34 27.81,-05 42 10.13,3434.379
05 34 27.84,-05 43 31.52,3288.908
05 34 27.93,-05 26 34.65,4018.266
05 34 28.01,-05 59 52.47,4289.999
05 34 28.09,-06 16 13.15,3784.601
05 34 28.29,-06 10 24.77,4318.703
05 34 28.52,-05 24 57.89,4115.76
05 34 28.68,-04 34 39.58,3508.58
05 34 28.69,-06 22 07.96,3486.599
05 34 28.85,-05 47 13.79,3993.812
05 34 29.07,-05 14 14.59,4013.9
05 34 29.07,-06 38 51.78,4035.371
05 34 29.25,-05 23 56.79,4911.6
05 34 29.26,-05 14 39.75,4136.892
05 34 29.27,-05 23 50.99,6440.748
05 34 29.49,-05 13 55.19,4097.787
05 34 29.55,-04 45 02.70,3448.4
05 34 29.54,-05 23 43.75,6137.573
05 34 29.60,-05 47 24.71,3468.576
05 34 29.79,-04 51 47.71,3864.4
05 34 29.84,-06 05 58.69,5792.729
05 34 29.87,-05 04 05.39,3350.995
05 34 30.06,-04 49 50.66,3643.525
05 34 30.21,-04 58 30.42,3434.254
05 34 30.25,-05 11 48.20,3590.291
05 34 30.25,-06 22 01.07,3363.577
05 34 30.33,-05 27 27.79,6191.219
05 34 30.58,-04 33 51.99,5731.39
05 34 30.64,-04 35 52.66,3541.64
05 34 30.88,-04 25 07.08,4088.313
05 34 31.14,-05 21 55.90,3533.5
05 34 31.29,-05 28 54.81,3261.959
05 34 31.45,-06 43 22.63,3260.166
05 34 31.51,-04 24 53.95,5755.708
05 34 31.51,-05 12 30.09,5279.892
05 34 31.68,-05 28 26.91,3518.049
05 34 31.83,-05 35 19.98,3686.554
05 34 31.90,-05 26 36.82,3355.008
05 34 32.02,-05 27 42.63,4782.101
05 34 32.04,-05 11 24.84,3091.282
05 34 32.43,-04 29 14.74,6999.307
05 34 32.63,-05 43 41.87,3442.332
05 34 32.66,-05 21 07.45,3539.555
05 34 32.92,-06 39 21.76,6052.112
05 34 33.47,-04 43 32.89,5791.814
05 34 33.50,-05 42 53.16,6999.87
05 34 33.60,-05 23 09.92,4883.022
05 34 33.68,-05 14 36.15,3697.343
05 34 33.72,-05 40 22.76,2989.83
05 34 33.86,-05 56 38.07,3264.217
05 34 33.95,-05 28 24.53,4527.634
05 34 33.96,-05 34 51.24,3717.742
05 34 34.17,-04 48 27.91,3439.15
05 34 34.26,-06 02 09.72,3389.391
05 34 34.46,-04 41 10.60,4282.63
05 34 34.47,-05 03 06.95,6999.136
05 34 34.88,-04 42 43.44,3524.587
05 34 34.88,-06 11 25.99,3157.583
05 34 34.93,-04 38 52.82,5665.775
05 34 35.15,-05 32 10.38,4533.143
05 34 35.20,-05 34 32.22,3161.527
05 34 35.21,-04 53 52.27,3152.874
05 34 35.48,-04 27 21.11,5049.881
05 34 35.58,-04 25 05.08,5986.129
05 34 35.76,-05 40 09.47,3439.052
05 34 35.84,-06 21 54.72,3431.719
05 34 35.94,-05 15 24.12,3447.44
05 34 36.09,-05 42 15.18,3848.015
05 34 36.15,-06 05 34.70,3538.832
05 34 36.15,-06 51 41.55,6914.808
05 34 36.25,-06 04 51.51,3348.346
05 34 36.47,-06 42 11.53,3162.608
05 34 36.54,-05 36 17.16,3363.33
05 34 37.04,-04 33 10.48,5502.675
05 34 37.10,-05 31 08.95,3267.508
05 34 37.47,-05 34 51.95,4358.148
05 34 37.53,-05 41 17.35,3549.269
05 34 37.57,-05 43 10.68,3468.296
05 34 37.67,-05 43 04.48,3357.193
05 34 37.72,-04 48 57.73,3494.521
05 34 37.97,-04 51 08.95,4141.788
05 34 37.96,-05 41 08.72,4183.555
05 34 38.10,-05 27 40.55,3422.07
05 34 38.12,-05 04 57.93,5631.176
05 34 38.22,-05 24 23.70,3347.302
05 34 38.59,-06 35 56.45,3315.317
05 34 38.69,-05 57 43.15,4191.115
05 34 38.75,-06 08 22.91,3257.443
05 34 38.88,-06 25 21.84,3477.913
05 34 39.04,-04 55 28.83,3480.187
05 34 39.10,-06 27 21.23,3513.095
05 34 39.12,-06 17 11.75,3262.859
05 34 39.24,-04 18 02.12,5314.642
05 34 39.56,-05 27 17.43,5523.126
05 34 39.71,-06 07 13.27,3334.0
05 34 39.76,-05 24 25.46,4328.022
05 34 39.87,-06 08 34.12,3442.409
05 34 39.88,-05 26 42.08,4556.738
05 34 39.99,-05 10 07.08,6999.753
05 34 40.08,-05 40 09.40,4371.476
05 34 40.13,-04 58 39.85,4194.259
05 34 40.49,-04 57 39.62,3269.966
05 34 40.62,-04 43 31.54,3703.641
05 34 40.82,-05 26 38.75,3536.7
05 34 40.82,-04 21 33.58,4070.265
05 34 40.83,-05 28 09.52,3145.48
05 34 40.87,-05 22 42.35,3802.272
05 34 40.89,-06 34 35.07,4338.668
05 34 41.01,-05 45 17.37,3821.207
05 34 41.18,-05 46 11.64,3363.869
05 34 41.46,-05 47 56.15,3604.154
05 34 41.60,-04 24 39.30,3154.964
05 34 41.71,-05 26 53.00,3350.286
05 34 41.79,-04 53 46.25,3498.488
05 34 41.84,-05 34 29.96,6436.136
05 34 41.89,-04 53 38.29,3249.6
05 34 41.98,-04 48 23.53,4521.719
05 34 42.15,-04 59 52.11,5197.209
05 34 42.18,-04 24 53.96,6136.699
05 34 42.40,-05 12 38.15,3195.391
05 34 42.42,-05 12 18.69,4433.129
05 34 42.69,-04 42 14.88,3766.839
05 34 42.73,-06 37 50.01,5854.982
05 34 42.74,-05 28 37.57,3346.414
05 34 42.86,-05 25 16.39,5158.951
05 34 42.96,-05 20 06.99,4040.651
05 34 43.12,-06 12 38.89,3480.169
05 34 43.15,-05 44 40.03,3144.786
05 34 43.16,-06 27 14.60,3188.066
05 34 43.18,-04 23 31.60,6993.903
05 34 43.29,-06 17 03.60,3454.796
05 34 43.41,-05 30 07.03,3829.4
05 34 43.52,-04 51 36.41,3353.793
05 34 43.60,-05 18 27.69,6047.515
05 34 43.75,-05 59 28.35,6480.721
05 34 44.24,-04 26 38.44,6185.637
05 34 44.29,-04 27 20.19,5495.833
05 34 44.36,-04 26 15.18,5407.049
05 34 44.38,-05 32 18.76,3676.936
05 34 44.41,-05 26 06.15,3086.031
05 34 44.54,-04 42 14.61,4461.73
05 34 44.74,-05 33 42.18,3168.592
05 34 44.98,-05 06 49.54,4184.405
05 34 45.01,-04 55 59.31,4127.728
05 34 45.15,-06 21 07.27,3431.596
05 34 45.19,-05 10 47.65,3270.571
05 34 45.19,-05 25 04.09,4261.806
05 34 45.24,-04 47 58.11,6190.964
05 34 45.46,-05 02 07.88,3458.982
05 34 45.55,-04 36 07.71,4494.797
05 34 45.57,-05 29 20.95,3334.246
05 34 45.72,-06 21 40.16,3749.155
05 34 45.77,-05 43 43.91,3229.368
05 34 45.88,-05 41 09.70,3350.479
05 34 45.91,-05 24 55.83,3923.952
05 34 46.12,-06 05 32.06,3474.361
05 34 46.25,-04 30 09.35,5990.581
05 34 46.29,-05 39 07.73,4077.232
05 34 46.39,-05 24 31.85,3823.473
05 34 46.42,-04 54 02.06,3474.174
05 34 46.57,-05 23 25.61,3357.777
05 34 46.59,-04 29 00.45,4984.624
05 34 46.63,-05 10 40.52,6353.37
05 34 46.74,-04 57 44.06,3464.895
05 34 46.78,-05 26 04.87,3499.891
05 34 46.79,-05 21 29.15,3496.645
05 34 46.92,-05 35 07.88,3542.644
05 34 46.94,-04 59 12.75,4218.06
05 34 47.52,-05 46 30.09,3460.745
05 34 47.53,-05 57 56.90,4339.859
05 34 47.64,-04 50 01.35,3919.926
05 34 47.64,-05 43 50.66,4571.043
05 34 47.66,-06 19 40.12,3444.111
05 34 47.85,-04 51 55.16,5541.305
05 34 47.89,-05 30 46.57,3378.45
05 34 47.91,-05 35 43.83,3200.844
05 34 47.95,-05 04 55.01,3548.721
05 34 48.05,-04 14 55.35,3391.494
05 34 48.23,-04 47 40.12,3534.978
05 34 48.28,-05 32 35.13,3177.173
05 34 48.31,-05 37 22.82,3975.15
05 34 48.31,-05 51 59.32,5066.373
05 34 48.34,-06 30 26.90,3470.875
05 34 48.47,-05 41 58.20,4267.187
05 34 48.48,-05 42 28.12,3540.817
05 34 48.54,-04 49 56.80,3364.323
05 34 48.63,-04 47 49.99,3249.34
05 34 48.74,-06 11 42.71,3324.862
05 34 48.77,-05 19 07.36,3349.456
05 34 48.79,-05 17 46.44,3259.407
05 34 48.83,-05 23 17.95,3426.447
05 34 48.96,-05 28 16.89,3356.094
05 34 48.97,-06 07 44.98,3459.01
05 34 49.08,-05 26 26.62,3190.432
05 34 49.10,-05 46 05.00,3348.534
05 34 49.12,-06 00 22.89,6999.647
05 34 49.30,-05 18 55.50,3459.521
05 34 49.41,-04 41 32.97,5805.893
05 34 49.57,-05 29 03.39,3388.196
05 34 49.79,-06 11 38.25,6692.877
05 34 49.96,-06 28 12.06,3828.834
05 34 50.09,-05 17 12.19,3119.889
05 34 50.30,-06 26 48.41,3460.515
05 34 50.44,-05 20 20.35,4208.214
05 34 50.50,-05 11 10.56,3746.392
05 34 50.50,-05 23 35.36,3541.058
05 34 50.71,-05 24 01.42,4472.536
05 34 50.72,-04 58 36.82,3600.982
05 34 50.73,-05 27 01.07,3887.487
05 34 50.86,-05 29 25.10,3250.74
05 34 50.87,-05 39 29.23,3280.476
05 34 50.96,-05 42 21.36,4434.021
05 34 50.99,-05 17 56.53,3171.179
05 34 51.06,-04 43 41.43,4312.5
05 34 51.21,-05 16 54.92,3439.009
05 34 51.25,-05 46 56.45,5086.352
05 34 51.29,-04 47 57.08,4180.947
05 34 51.40,-04 37 52.22,5642.675
05 34 51.41,-05 00 11.36,3276.794
05 34 51.43,-05 13 29.52,3250.707
05 34 51.56,-05 25 13.00,3972.654
05 34 51.75,-05 39 24.12,3397.104
05 34 52.02,-05 24 18.80,3370.476
05 34 52.03,-04 55 01.30,3433.147
05 34 52.03,-05 24 42.96,3384.363
05 34 52.06,-06 03 20.69,3671.538
05 34 52.13,-05 40 57.04,3025.118
05 34 52.16,-05 22 31.95,3470.619
05 34 52.21,-04 40 11.77,5261.786
05 34 52.22,-04 28 16.15,3535.255
05 34 52.26,-05 12 03.20,3397.476
05 34 52.34,-05 30 08.01,3162.916
05 34 52.40,-06 11 57.05,3489.197
05 34 52.49,-04 49 40.48,3419.012
05 34 52.60,-05 15 36.63,3936.198
05 34 52.59,-05 24 03.78,3539.126
05 34 52.66,-05 29 45.25,3344.286
05 34 52.76,-05 27 54.58,3976.906
05 34 52.76,-05 00 50.91,3234.675
05 34 52.92,-05 28 59.12,3256.198
05 34 52.93,-06 48 33.58,3377.477
05 34 53.02,-04 48 10.44,5213.286
05 34 53.04,-05 03 27.12,3695.406
05 34 53.43,-05 10 27.91,3203.031
05 34 53.58,-04 21 18.03,3492.611
05 34 53.60,-05 26 37.16,5984.985
05 34 53.87,-04 56 22.21,3823.0
05 34 53.93,-04 23 09.50,4116.098
05 34 53.96,-04 06 37.63,6999.306
05 34 54.05,-06 23 50.70,3481.005
05 34 54.19,-05 28 54.32,3836.058
05 34 54.25,-05 21 35.39,3434.557
05 34 54.29,-06 05 50.21,3636.948
05 34 54.32,-04 54 12.98,3544.32
05 34 54.40,-05 17 21.14,3124.763
05 34 54.40,-06 02 02.05,6187.381
05 34 54.66,-05 40 58.25,3496.607
05 34 54.83,-05 25 12.55,3050.075
05 34 54.91,-05 46 43.93,4321.033
05 34 54.94,-05 17 01.79,3956.189
05 34 55.06,-05 25 29.49,3371.545
05 34 55.14,-04 48 27.72,4178.656
05 34 55.29,-05 30 22.09,6999.323
05 34 55.55,-05 36 06.16,3857.479
05 34 55.60,-05 55 29.32,3315.67
05 34 55.60,-05 29 37.60,3166.415
05 34 55.64,-04 37 49.15,3472.84
05 34 55.64,-06 01 03.65,3418.434
05 34 55.66,-04 56 11.74,3456.0
05 34 55.83,-05 19 45.49,3167.408
05 34 55.87,-05 08 21.14,6187.679
05 34 55.97,-05 23 13.03,4252.018
05 34 55.98,-05 29 26.41,3611.709
05 34 55.98,-05 31 13.06,3457.603
05 34 56.04,-04 38 12.01,3359.138
05 34 56.10,-05 00 55.16,3229.801
05 34 56.14,-05 06 01.76,3262.438
05 34 56.23,-04 45 57.45,6999.803
05 34 56.27,-06 04 17.40,3683.644
05 34 56.40,-05 38 05.25,3331.685
05 34 56.51,-05 27 51.07,3490.546
05 34 56.56,-05 52 06.97,3437.197
05 34 56.76,-05 26 37.24,3158.117
05 34 56.81,-05 11 33.05,4496.533
05 34 56.82,-04 46 04.76,3870.721
05 34 56.84,-05 21 36.40,4314.968
05 34 56.93,-05 22 06.28,3370.4
05 34 57.01,-05 23 00.02,3281.786
05 34 57.14,-05 33 29.49,3267.336
05 34 57.20,-05 08 23.88,6208.439
05 34 57.23,-05 42 02.79,3439.222
05 34 57.38,-05 14 33.49,3452.193
05 34 57.45,-06 19 33.14,3341.002
05 34 57.45,-05 30 42.02,3467.997
05 34 57.58,-06 28 07.55,4684.354
05 34 57.63,-06 18 31.26,5042.342
05 34 57.76,-05 23 52.27,3794.492
05 34 57.78,-05 22 51.15,3322.279
05 34 57.91,-04 49 12.78,3415.642
05 34 57.92,-05 29 46.04,3434.071
05 34 57.94,-05 53 21.64,3348.003
05 34 58.03,-05 17 37.68,3588.491
05 34 58.03,-06 12 23.80,3789.934
05 34 58.13,-04 37 18.74,3256.15
05 34 58.20,-05 09 27.57,3448.18
05 34 58.19,-05 11 53.68,3110.89
05 34 58.21,-05 49 34.63,3254.26
05 34 58.25,-05 41 49.86,3938.951
05 34 58.26,-04 50 51.75,3054.94
05 34 58.26,-05 38 25.72,3442.566
05 34 58.28,-05 25 33.29,3138.747
05 34 58.27,-05 45 05.65,3573.154
05 34 58.34,-05 54 28.85,3470.45
05 34 58.38,-05 21 16.64,3459.623
05 34 58.53,-05 32 49.86,3064.46
05 34 58.79,-05 21 17.65,3954.741
05 34 58.90,-05 28 03.33,3457.526
05 34 58.94,-05 13 45.56,5233.869
05 34 58.98,-05 47 59.69,4070.467
05 34 59.01,-04 21 15.36,6999.463
05 34 59.04,-06 42 17.68,3460.199
05 34 59.09,-05 44 30.38,3765.559
05 34 59.19,-05 23 07.85,3091.117
05 34 59.23,-05 44 55.34,3352.161
05 34 59.23,-05 45 58.86,3525.008
05 34 59.31,-05 23 32.68,3145.753
05 34 59.32,-05 05 30.03,3540.041
05 34 59.35,-04 50 11.71,3447.407
05 34 59.52,-06 21 39.96,4477.218
05 34 59.56,-05 24 00.22,3346.309
05 34 59.63,-05 25 39.99,3542.113
05 34 59.77,-06 56 57.49,6199.015
05 35 00.00,-06 43 49.27,4686.843
05 35 00.13,-05 25 16.26,6238.161
05 35 00.16,-05 50 27.47,3267.901
05 35 00.24,-05 18 50.90,3930.863
05 35 00.42,-04 25 28.93,4902.803
05 35 00.47,-05 25 14.31,4169.115
05 35 00.67,-05 05 08.73,6999.085
05 35 00.82,-05 38 07.97,3601.013
05 35 00.85,-05 09 38.98,3078.997
05 35 00.93,-04 48 18.85,3263.315
05 35 01.02,-05 24 10.39,3436.531
05 35 01.01,-06 00 33.49,6999.416
05 35 01.17,-05 29 55.10,3313.15
05 35 01.18,-05 24 06.74,3530.389
05 35 01.22,-05 21 44.41,3016.063
05 35 01.30,-05 20 16.83,3473.479
05 35 01.34,-05 20 22.12,3850.85
05 35 01.34,-05 41 13.52,4174.536
05 35 01.36,-05 55 54.77,3633.95
05 35 01.38,-06 15 17.55,4425.296
05 35 01.43,-05 09 32.61,3474.428
05 35 01.47,-06 31 33.93,5682.317
05 35 01.49,-05 28 20.78,3427.891
05 35 01.61,-05 24 10.15,3062.596
05 35 01.62,-05 33 38.04,3446.902
05 35 01.63,-04 33 37.76,6169.413
05 35 01.67,-04 32 52.93,3475.972
05 35 01.94,-04 38 34.65,6192.4
05 35 01.94,-06 30 12.78,3466.664
05 35 01.97,-04 41 14.54,3381.84
05 35 02.00,-05 20 55.09,3779.91
05 35 02.01,-05 18 34.18,3190.18
05 35 02.04,-04 12 00.81,4516.096
05 35 02.07,-05 18 22.66,3168.545
05 35 02.08,-05 26 36.27,3596.743
05 35 02.08,-06 59 07.39,4974.126
05 35 02.10,-05 15 37.46,3458.42
05 35 02.18,-05 29 09.85,3497.438
05 35 02.38,-05 15 47.97,4406.902
05 35 02.44,-05 20 46.58,4233.379
05 35 02.50,-05 33 09.95,3462.012
05 35 02.70,-05 32 24.93,3130.503
05 35 02.75,-05 00 02.97,3957.975
05 35 02.75,-05 19 44.48,3446.532
05 35 02.84,-05 22 08.27,4790.698
05 35 02.85,-06 12 21.78,3228.482
05 35 02.93,-06 05 25.21,3535.497
05 35 03.00,-05 30 01.52,3919.21
05 35 03.04,-04 59 59.80,3233.247
05 35 03.04,-05 45 33.40,3529.607
05 35 03.09,-05 22 37.82,3101.228
05 35 03.09,-06 12 23.42,3287.548
05 35 03.12,-05 09 17.03,3380.359
05 35 03.16,-05 18 29.93,3466.177
05 35 03.22,-05 17 53.29,3176.008
05 35 03.26,-04 49 20.97,4008.133
05 35 03.33,-05 16 22.78,3562.278
05 35 03.34,-04 56 43.01,3549.857
05 35 03.41,-05 05 40.30,6999.741
05 35 03.50,-04 19 47.92,3418.808
05 35 03.57,-05 29 26.21,3462.63
05 35 03.65,-05 59 00.75,6999.398
05 35 03.71,-04 50 53.09,3823.82
05 35 03.70,-05 22 45.71,3179.795
05 35 03.73,-04 23 06.01,6999.717
05 35 03.92,-05 29 03.35,3552.547
05 35 03.96,-05 54 01.92,3348.579
05 35 03.96,-05 18 59.79,3266.766
05 35 04.04,-04 29 10.87,5989.289
05 35 04.05,-05 40 51.64,3367.85
05 35 04.15,-06 17 07.34,5220.99
05 35 04.16,-05 20 15.66,3376.843
05 35 04.19,-05 26 27.84,3450.655
05 35 04.22,-04 46 43.51,4594.219
05 35 04.34,-05 38 31.12,3345.979
05 35 04.37,-05 23 13.88,3543.073
05 35 04.50,-05 23 56.53,4529.437
05 35 04.50,-05 26 04.41,3449.76
05 35 04.54,-05 29 38.22,4110.38
05 35 04.58,-05 28 26.63,4454.743
05 35 04.61,-04 58 28.98,3850.537
05 35 04.61,-05 24 42.47,3533.155
05 35 04.63,-06 52 39.24,4626.093
05 35 04.63,-05 09 55.71,3344.823
05 35 04.75,-05 26 38.00,3761.789
05 35 04.76,-05 17 42.17,4171.574
05 35 04.79,-04 43 54.62,6997.513
05 35 04.82,-05 22 38.71,3333.656
05 35 04.87,-05 20 57.41,3355.684
05 35 04.95,-05 21 09.21,3670.829
05 35 05.00,-04 49 13.25,3540.425
05 35 05.04,-04 32 33.45,3158.587
05 35 05.07,-05 36 43.83,3214.629
05 35 05.14,-05 20 24.47,3696.129
05 35 05.24,-04 48 02.75,3251.849
05 35 05.33,-05 34 28.51,4016.814
05 35 05.37,-05 24 10.56,3906.537
05 35 05.38,-06 43 49.97,5495.071
05 35 05.41,-05 24 15.05,3379.928
05 35 05.41,-05 27 17.10,3943.561
05 35 05.44,-06 15 47.00,3185.626
05 35 05.50,-05 27 52.23,3527.162
05 35 05.61,-05 18 24.85,3333.785
05 35 05.62,-05 29 22.33,3638.0
05 35 05.64,-05 25 19.60,4497.48
05 35 05.69,-05 25 05.84,3564.522
05 35 05.71,-05 23 54.07,3159.643
05 35 05.73,-05 26 26.16,3433.361
05 35 05.76,-05 44 00.10,3378.284
05 35 05.76,-05 33 55.81,3242.407
05 35 05.85,-05 27 01.67,3386.18
05 35 05.85,-04 48 43.24,3969.235
05 35 05.89,-05 27 09.01,3545.99
05 35 06.07,-05 57 00.96,3865.447
05 35 06.10,-05 14 24.98,3388.655
05 35 06.15,-05 45 31.19,3930.232
05 35 06.15,-05 19 55.62,3284.769
05 35 06.18,-05 22 12.42,3439.355
05 35 06.20,-05 12 15.95,6999.546
05 35 06.21,-04 37 07.74,6690.41
05 35 06.28,-05 22 02.70,4339.146
05 35 06.39,-06 19 48.65,3461.26
05 35 06.42,-05 27 04.82,2995.7
05 35 06.45,-05 33 35.19,3595.706
05 35 06.51,-05 24 41.40,4065.827
05 35 06.52,-06 00 00.81,3153.875
05 35 06.77,-05 51 01.41,3431.603
05 35 06.83,-05 10 38.53,5758.291
05 35 07.04,-04 54 56.84,3542.651
05 35 07.24,-04 50 25.48,3245.226
05 35 07.28,-05 22 26.64,3188.174
05 35 07.33,-05 38 40.98,3286.913
05 35 07.38,-05 48 01.07,3253.144
05 35 07.40,-05 25 48.11,3125.024
05 35 07.45,-05 26 40.17,3203.729
05 35 07.58,-06 09 59.80,5531.333
05 35 07.61,-05 36 19.62,3333.836
05 35 07.63,-05 52 08.34,6998.321
05 35 07.66,-06 06 54.10,3258.047
05 35 07.69,-05 36 58.72,3338.759
05 35 07.74,-05 21 01.48,4132.8
05 35 07.84,-05 29 17.40,3372.5
05 35 07.93,-04 20 14.07,3353.715
05 35 07.92,-04 35 49.19,3522.269
05 35 08.02,-05 32 44.29,3949.57
05 35 08.04,-05 36 14.08,3157.738
05 35 08.05,-05 53 43.48,3464.442
05 35 08.08,-06 33 48.82,6977.009
05 35 08.23,-05 24 03.24,3239.949
05 35 08.22,-05 37 04.77,3599.813
05 35 08.24,-04 54 10.24,6988.081
05 35 08.25,-04 25 33.26,3532.748
05 35 08.30,-05 24 34.87,3179.779
05 35 08.35,-05 27 56.91,4224.631
05 35 08.39,-05 28 29.34,4256.286
05 35 08.38,-06 07 22.54,5630.605
05 35 08.53,-05 25 17.98,3541.043
05 35 08.60,-05 26 19.45,3205.662
05 35 08.69,-04 46 52.38,4304.7
05 35 08.70,-06 05 02.45,4344.49
05 35 08.71,-05 29 01.61,4044.729
05 35 08.74,-05 04 40.78,3233.363
05 35 08.73,-05 22 56.69,3661.8
05 35 08.85,-05 31 49.10,3868.426
05 35 08.95,-05 05 52.50,5262.857
05 35 08.99,-04 10 14.28,5504.387
05 35 09.00,-05 58 17.11,3699.763
05 35 09.01,-04 27 51.07,4566.754
05 35 09.03,-06 02 00.73,5535.671
05 35 09.05,-06 54 10.97,6165.482
05 35 09.05,-05 29 59.17,4436.899
05 35 09.06,-06 14 20.03,5919.158
05 35 09.21,-05 30 58.53,4402.949
05 35 09.60,-05 27 59.97,3275.446
05 35 09.59,-05 28 22.83,3503.355
05 35 09.61,-04 33 11.02,5384.433
05 35 09.76,-05 21 28.28,4195.794
05 35 09.85,-05 19 33.99,3359.81
05 35 09.97,-05 57 11.91,3649.002
05 35 10.03,-04 41 16.92,3546.129
05 35 10.05,-06 05 36.45,3778.3
05 35 10.08,-04 27 39.52,4207.858
05 35 10.14,-05 22 32.68,3531.668
05 35 10.16,-05 27 57.44,3100.841
05 35 10.21,-05 23 21.51,4160.598
05 35 10.30,-05 19 56.30,3257.417
05 35 10.32,-05 21 13.03,3720.081
05 35 10.33,-05 46 33.59,4600.2
05 35 10.41,-05 19 52.36,3259.537
05 35 10.42,-05 38 24.63,5500.628
05 35 10.48,-05 26 00.30,2978.688
05 35 10.51,-05 22 45.54,3582.504
05 35 10.50,-05 26 18.31,4386.106
05 35 10.53,-05 22 16.64,3345.641
05 35 10.58,-05 33 13.60,3216.186
05 35 10.62,-06 01 44.81,3357.373
05 35 10.74,-05 26 28.06,3441.327
05 35 10.77,-06 51 55.72,5980.001
05 35 10.79,-05 10 34.41,5303.962
05 35 10.81,-04 44 10.69,3341.408
05 35 10.84,-05 25 56.99,3145.751
05 35 10.89,-05 28 00.76,3238.8
05 35 10.94,-04 12 50.09,5991.884
05 35 10.94,-05 24 48.60,3312.23
05 35 10.95,-06 13 25.22,3341.53
05 35 11.11,-06 00 21.64,3185.77
05 35 11.12,-05 34 59.62,3267.716
05 35 11.14,-05 36 51.19,3545.666
05 35 11.22,-05 17 20.93,3651.283
05 35 11.24,-05 41 36.19,3393.556
05 35 11.38,-05 19 12.11,3846.387
05 35 11.50,-05 26 02.32,4144.319
05 35 11.58,-04 46 33.74,3334.95
05 35 11.63,-05 16 57.71,5187.94
05 35 11.64,-05 22 51.51,3202.995
05 35 11.65,-05 24 21.40,3206.053
05 35 11.66,-05 31 01.15,3197.465
05 35 11.78,-05 21 55.58,3136.137
05 35 11.85,-05 17 26.00,3360.637
05 35 11.89,-05 21 03.29,4036.539
05 35 11.89,-05 31 55.27,3912.0
05 35 11.92,-05 45 37.94,3917.8
05 35 11.97,-05 22 54.12,3438.134
05 35 12.05,-06 49 54.45,3205.577
05 35 12.15,-05 31 38.85,3239.162
05 35 12.16,-05 30 20.16,3128.246
05 35 12.21,-05 30 32.91,3961.0
05 35 12.27,-05 20 45.24,3239.524
05 35 12.28,-05 23 47.96,3807.71
05 35 12.36,-05 36 40.32,5003.919
05 35 12.36,-05 43 18.48,4063.717
05 35 12.45,-04 44 25.85,4195.371
05 35 12.57,-05 16 33.29,4543.9
05 35 12.58,-05 51 28.88,3830.696
05 35 12.59,-06 57 12.12,3425.689
05 35 12.60,-05 23 44.06,4104.188
05 35 12.69,-05 19 35.39,3350.458
05 35 12.71,-05 16 13.53,3446.224
05 35 12.71,-05 27 10.63,3159.035
05 35 12.78,-05 20 34.94,3200.448
05 35 12.82,-05 15 24.03,3961.202
05 35 12.83,-05 39 07.77,4191.783
05 35 12.91,-05 59 38.50,3481.769
05 35 12.94,-05 28 49.90,3339.15
05 35 12.95,-04 17 49.95,3305.032
05 35 13.00,-05 39 34.86,4352.78
05 35 13.01,-05 19 04.17,4294.445
05 35 13.04,-05 34 03.59,3181.742
05 35 13.04,-05 20 30.25,3921.34
05 35 13.06,-05 21 53.29,3368.177
05 35 13.10,-04 55 52.49,6382.494
05 35 13.20,-04 41 54.48,3360.205
05 35 13.20,-05 24 55.44,3786.433
05 35 13.25,-05 27 54.20,4078.74
05 35 13.30,-05 20 18.95,3517.642
05 35 13.31,-06 19 24.31,5541.854
05 35 13.31,-05 09 19.59,3515.138
05 35 13.36,-05 22 26.17,3287.607
05 35 13.43,-05 21 07.33,3425.485
05 35 13.46,-05 17 10.35,3649.671
05 35 13.48,-05 30 48.13,3352.686
05 35 13.50,-05 17 31.27,4124.208
05 35 13.51,-05 17 17.34,3372.874
05 35 13.52,-05 22 19.57,3540.509
05 35 13.53,-05 27 28.66,3449.55
05 35 13.56,-05 27 57.32,3248.127
05 35 13.58,-05 35 08.03,4157.303
05 35 13.60,-05 30 57.60,4334.827
05 35 13.66,-05 28 46.30,3390.559
05 35 13.69,-04 36 00.74,4357.135
05 35 13.70,-04 42 58.70,5770.6
05 35 13.76,-05 34 54.90,3290.113
05 35 13.76,-05 39 10.08,4187.859
05 35 13.79,-05 19 25.46,3093.051
05 35 13.81,-05 30 24.44,3450.114
05 35 13.82,-05 27 36.90,3271.06
05 35 13.90,-05 18 53.18,3540.863
05 35 13.97,-05 21 23.32,3488.388
05 35 14.01,-05 49 36.22,6999.659
05 35 14.04,-05 52 09.05,4280.393
05 35 14.05,-05 19 52.05,4004.237
05 35 14.05,-05 23 38.39,3470.7
05 35 14.22,-05 20 04.28,3601.45
05 35 14.23,-05 43 17.59,3914.728
05 35 14.28,-05 24 24.62,3802.463
05 35 14.40,-05 23 33.60,3501.732
05 35 14.45,-05 32 46.49,3228.567
05 35 14.45,-05 33 19.07,4652.486
05 35 14.46,-05 17 25.48,3546.219
05 35 14.56,-06 15 12.74,3529.114
05 35 14.64,-05 02 25.20,3345.728
05 35 14.66,-05 23 01.90,3534.239
05 35 14.67,-05 08 52.08,3190.78
05 35 14.68,-05 39 10.87,4536.27
05 35 14.67,-06 15 07.32,3166.757
05 35 14.72,-06 13 39.93,3095.46
05 35 14.74,-05 51 04.10,3353.301
05 35 14.75,-05 34 16.79,3384.0
05 35 14.88,-05 38 05.52,3868.733
05 35 14.92,-05 36 39.16,3377.683
05 35 14.99,-05 21 59.88,4308.59
05 35 15.30,-05 39 56.25,3280.657
05 35 15.35,-05 19 02.15,3174.888
05 35 15.39,-04 33 26.24,3970.828
05 35 15.46,-05 17 38.32,3993.299
05 35 15.47,-05 27 22.73,3470.03
05 35 15.47,-06 08 14.50,6602.297
05 35 15.49,-05 35 11.89,3374.087
05 35 15.53,-05 53 16.18,3553.163
05 35 15.55,-05 25 14.04,3738.85
05 35 15.57,-05 09 51.24,3104.518
05 35 15.59,-05 34 46.66,3060.565
05 35 15.62,-05 24 03.05,3815.38
05 35 15.64,-05 22 56.54,4292.021
05 35 15.67,-05 17 47.28,3563.315
05 35 15.68,-05 25 33.19,3459.55
05 35 15.69,-05 28 15.52,4664.334
05 35 15.71,-05 26 28.38,3460.753
05 35 15.74,-06 01 57.91,6999.447
05 35 15.80,-05 33 12.34,3869.817
05 35 15.81,-06 46 29.12,5655.945
05 35 15.81,-04 22 18.57,3420.067
05 35 15.83,-05 00 36.24,5419.101
05 35 15.87,-05 22 32.83,3286.218
05 35 15.95,-05 41 11.50,3168.536
05 35 15.95,-05 14 59.04,4318.853
05 35 15.96,-05 16 57.55,3368.682
05 35 15.97,-05 39 14.80,5787.586
05 35 16.02,-05 50 44.88,3185.85
05 35 16.07,-05 20 36.30,3712.084
05 35 16.10,-05 24 11.29,3264.751
05 35 16.12,-06 10 41.01,5195.261
05 35 16.16,-05 09 19.07,3206.246
05 35 16.21,-05 47 20.13,2980.363
05 35 16.24,-05 28 33.79,3183.608
05 35 16.28,-05 32 02.19,3088.47
05 35 16.31,-06 18 43.15,3053.522
05 35 16.33,-05 15 38.01,4136.989
05 35 16.44,-05 42 39.61,4553.391
05 35 16.49,-04 12 01.79,6742.509
05 35 16.50,-05 40 18.01,3531.279
05 35 16.61,-05 19 35.75,3575.204
05 35 16.71,-05 22 30.98,3253.478
05 35 16.73,-04 45 44.49,4437.516
05 35 16.77,-04 40 32.49,3995.813
05 35 16.76,-05 17 16.79,3072.65
05 35 16.85,-06 18 15.88,3416.092
05 35 16.90,-05 17 02.94,3366.949
05 35 16.95,-05 25 46.96,3350.8
05 35 16.95,-05 45 55.81,3152.5
05 35 16.98,-05 21 45.29,6754.073
05 35 16.97,-05 23 00.94,3652.868
05 35 17.00,-05 15 44.31,3257.548
05 35 17.10,-05 58 30.67,3188.585
05 35 17.12,-05 24 58.54,3156.588
05 35 17.15,-05 41 53.88,3204.969
05 35 17.22,-05 20 27.74,3389.303
05 35 17.24,-04 39 48.32,3346.865
05 35 17.34,-06 05 15.95,3500.872
05 35 17.35,-05 22 35.71,3478.342
05 35 17.35,-05 42 14.55,3263.979
05 35 17.37,-05 20 14.91,3593.573
05 35 17.36,-05 25 44.69,3583.65
05 35 17.44,-05 30 25.39,3407.484
05 35 17.49,-05 39 28.52,4089.953
05 35 17.52,-05 17 40.12,4365.8
05 35 17.55,-05 25 42.77,3685.796
05 35 17.54,-05 40 48.39,3351.685
05 35 17.56,-04 53 03.76,3360.074
05 35 17.68,-04 29 23.07,5816.936
05 35 17.67,-05 58 26.53,3902.76
05 35 17.68,-06 32 23.94,3453.162
05 35 17.68,-05 32 02.42,3291.171
05 35 17.79,-05 23 15.59,3496.97
05 35 17.78,-06 31 44.23,3181.95
05 35 17.80,-06 24 38.41,3551.903
05 35 17.85,-04 41 06.66,6997.861
05 35 17.85,-04 44 52.47,4186.057
05 35 17.89,-05 18 35.29,4028.347
05 35 17.91,-05 42 34.05,4342.23
05 35 17.91,-06 48 54.06,4306.369
05 35 17.91,-05 15 32.95,4168.103
05 35 17.95,-05 25 06.17,2850.126
05 35 17.95,-05 25 33.83,3339.898
05 35 17.95,-05 35 15.73,3271.873
05 35 17.98,-05 16 45.11,3491.519
05 35 17.97,-05 26 50.67,3097.648
05 35 17.99,-06 04 43.02,4449.421
05 35 18.00,-05 29 34.60,3557.8
05 35 18.09,-05 15 46.12,3329.407
05 35 18.21,-05 16 34.03,3198.6
05 35 18.21,-05 24 30.25,3099.046
05 35 18.23,-05 13 06.81,3773.649
05 35 18.26,-05 29 53.83,3055.302
05 35 18.29,-05 28 46.17,3424.223
05 35 18.37,-05 24 26.76,3235.644
05 35 18.39,-04 53 23.49,3701.179
05 35 18.44,-04 40 55.93,6998.79
05 35 18.47,-05 24 06.87,3439.229
05 35 18.52,-05 20 42.77,3354.522
05 35 18.52,-05 13 38.35,3498.116
05 35 18.54,-05 18 20.58,3363.476
05 35 18.58,-05 26 24.85,3442.845
05 35 18.66,-05 23 13.93,4454.032
05 35 18.68,-05 54 06.40,3463.88
05 35 18.74,-05 18 02.45,3376.694
05 35 18.84,-05 14 45.57,3359.069
05 35 18.84,-05 22 22.96,3266.638
05 35 18.85,-04 44 10.05,3142.529
05 35 18.87,-04 44 27.72,3141.74
05 35 18.90,-05 16 14.02,4411.212
05 35 18.95,-05 20 52.22,3558.904
05 35 18.95,-06 27 25.56,3233.243
05 35 18.99,-05 37 36.76,3671.367
05 35 19.14,-05 20 38.74,6976.406
05 35 19.15,-06 04 37.73,3254.724
05 35 19.18,-04 43 49.12,3455.422
05 35 19.21,-05 31 03.02,3374.56
05 35 19.30,-05 16 44.72,3237.139
05 35 19.30,-05 20 07.89,5599.215
05 35 19.32,-04 55 45.00,4122.519
05 35 19.34,-06 24 14.50,3478.814
05 35 19.47,-04 37 01.45,5772.96
05 35 19.49,-05 36 51.76,3343.052
05 35 19.50,-05 47 45.79,3363.286
05 35 19.65,-05 13 26.49,3528.731
05 35 19.66,-05 24 26.61,3431.227
05 35 19.80,-05 30 37.61,3174.437
05 35 19.84,-05 15 08.99,3208.425
05 35 19.87,-05 30 32.17,2988.732
05 35 19.86,-05 31 03.80,3363.07
05 35 19.94,-05 33 53.50,3440.962
05 35 20.00,-05 12 50.32,3459.753
05 35 20.02,-05 29 11.90,3191.545
05 35 20.05,-05 21 05.93,4257.931
05 35 20.04,-05 25 37.55,3634.191
05 35 20.14,-06 46 01.25,6141.216
05 35 20.17,-05 26 39.05,4268.24
05 35 20.18,-05 23 08.51,3430.44
05 35 20.19,-04 41 34.30,3343.004
05 35 20.22,-05 46 51.07,3458.959
05 35 20.25,-05 13 59.39,3379.205
05 35 20.29,-05 30 39.52,3795.632
05 35 20.32,-05 36 39.44,2998.102
05 35 20.36,-05 02 26.61,3314.829
05 35 20.42,-05 17 14.44,3548.585
05 35 20.47,-06 47 25.88,3546.191
05 35 20.50,-06 45 40.80,3153.02
05 35 20.54,-05 24 20.84,3281.352
05 35 20.60,-06 17 49.73,3620.933
05 35 20.66,-05 01 54.40,3290.717
05 35 20.67,-05 23 53.17,3159.531
05 35 20.74,-04 15 33.52,3685.448
05 35 20.77,-05 21 55.03,4008.778
05 35 20.78,-06 42 22.97,3267.042
05 35 20.83,-05 21 21.64,3482.005
05 35 20.94,-05 40 14.33,3169.698
05 35 20.99,-05 31 21.69,4258.595
05 35 20.99,-05 16 37.59,3889.718
05 35 21.03,-05 22 25.03,3296.617
05 35 21.03,-05 28 09.14,4030.609
05 35 21.04,-05 23 49.02,4335.996
05 35 21.16,-05 18 21.35,3334.921
05 35 21.16,-05 25 56.96,3516.972
05 35 21.25,-05 42 12.34,3252.398
05 35 21.31,-05 12 12.69,4980.536
05 35 21.32,-05 56 35.95,3334.385
05 35 21.33,-05 53 51.74,3730.556
05 35 21.39,-05 26 43.99,4301.0
05 35 21.46,-05 09 03.64,3348.536
05 35 21.47,-05 57 42.14,3433.16
05 35 21.51,-04 50 45.19,4546.214
05 35 21.58,-05 09 49.74,3349.44
05 35 21.63,-05 26 57.69,3238.318
05 35 21.62,-05 34 58.33,3473.375
05 35 21.65,-05 17 17.37,3154.444
05 35 21.66,-05 25 26.50,3634.0
05 35 21.70,-05 34 46.84,3601.016
05 35 21.73,-05 26 44.34,3378.603
05 35 21.81,-05 23 53.95,4305.421
05 35 21.84,-04 50 19.61,3674.178
05 35 21.85,-05 22 08.28,3539.606
05 35 21.90,-04 54 07.24,3947.2
05 35 21.91,-05 15 01.12,3256.882
05 35 21.93,-05 28 27.30,3175.584
05 35 21.93,-05 14 27.65,3516.549
05 35 21.94,-05 51 07.19,5093.297
05 35 21.94,-05 17 04.39,3174.65
05 35 21.95,-05 54 05.18,3450.505
05 35 22.06,-05 28 15.28,3855.553
05 35 22.08,-05 24 32.77,3201.157
05 35 22.20,-05 26 37.37,3863.604
05 35 22.26,-05 20 29.25,4460.448
05 35 22.28,-05 31 16.87,3079.2
05 35 22.28,-05 35 26.70,3244.933
05 35 22.32,-04 25 27.63,6997.842
05 35 22.33,-04 42 07.56,3559.815
05 35 22.33,-05 33 55.91,3260.361
05 35 22.36,-05 07 39.21,3606.09
05 35 22.38,-05 27 28.36,3158.807
05 35 22.39,-06 20 43.64,4012.726
05 35 22.41,-05 08 05.19,3921.763
05 35 22.44,-05 22 01.06,4363.079
05 35 22.45,-05 09 11.10,4531.953
05 35 22.46,-05 25 45.11,3331.403
05 35 22.53,-04 52 36.98,3327.829
05 35 22.56,-05 08 00.78,3649.809
05 35 22.62,-05 14 11.28,3436.365
05 35 22.67,-05 15 08.59,3050.708
05 35 22.69,-05 16 14.01,3436.599
05 35 22.74,-05 19 47.89,3977.622
05 35 22.76,-04 43 25.89,3243.612
05 35 22.78,-04 28 51.08,3522.503
05 35 22.79,-04 48 29.81,3451.111
05 35 22.79,-05 31 37.25,3377.873
05 35 22.84,-04 46 41.44,3429.365
05 35 22.88,-04 37 40.69,3439.708
05 35 22.90,-05 32 29.04,3540.55
05 35 22.97,-05 22 41.59,4173.953
05 35 23.04,-05 29 41.49,3347.046
05 35 23.06,-04 17 17.15,3898.899
05 35 23.12,-05 13 43.57,3979.279
05 35 23.17,-05 22 28.33,3472.664
05 35 23.21,-05 21 35.78,3277.609
05 35 23.23,-04 43 02.94,3611.085
05 35 23.27,-04 49 04.57,3487.665
05 35 23.30,-04 57 20.64,3472.184
05 35 23.31,-05 28 10.09,3304.311
05 35 23.33,-05 21 25.42,4064.893
05 35 23.35,-04 40 10.29,5087.654
05 35 23.39,-05 18 50.65,4012.947
05 35 23.44,-05 10 51.78,3985.688
05 35 23.49,-06 01 25.13,3537.213
05 35 23.49,-05 20 01.68,3479.832
05 35 23.52,-05 18 57.12,3854.03
05 35 23.60,-06 28 24.41,3276.961
05 35 23.65,-05 52 29.23,3481.468
05 35 23.72,-04 48 16.62,3189.883
05 35 23.76,-05 18 39.90,3547.602
05 35 23.83,-05 30 47.45,4465.771
05 35 23.96,-05 19 07.62,3350.755
05 35 23.97,-05 59 41.97,4090.204
05 35 24.03,-04 45 15.03,5118.962
05 35 24.03,-06 43 30.78,5958.367
05 35 24.14,-04 50 08.99,3243.159
05 35 24.24,-05 29 57.17,3495.236
05 35 24.31,-05 28 44.13,3054.071
05 35 24.34,-05 26 00.34,3076.172
05 35 24.43,-05 24 39.82,3506.168
05 35 24.45,-05 24 01.02,2905.08
05 35 24.46,-05 26 31.43,3258.88
05 35 24.48,-05 16 59.89,3433.363
05 35 24.48,-06 01 46.33,3339.715
05 35 24.60,-05 11 29.67,3583.225
05 35 24.62,-05 11 58.23,3275.395
05 35 24.64,-05 19 09.69,3343.293
05 35 24.66,-05 22 42.57,3325.946
05 35 24.67,-04 49 42.95,3538.91
05 35 24.69,-05 24 35.70,3763.469
05 35 24.77,-06 04 59.80,3439.216
05 35 24.78,-05 10 29.61,3138.349
05 35 24.89,-05 25 10.17,3138.395
05 35 25.06,-05 22 58.54,4345.089
05 35 25.08,-05 23 46.73,3732.825
05 35 25.12,-05 57 39.24,4361.3
05 35 25.11,-06 47 56.57,3549.4
05 35 25.13,-05 22 25.27,3162.664
05 35 25.22,-05 29 51.62,3248.242
05 35 25.24,-05 09 27.64,3374.218
05 35 25.23,-05 15 35.83,3439.486
05 35 25.24,-05 33 21.07,3061.529
05 35 25.35,-05 25 29.58,3073.759
05 35 25.35,-05 10 21.10,2962.664
05 35 25.37,-05 24 11.42,4538.483
05 35 25.38,-05 53 21.53,3379.975
05 35 25.39,-05 51 08.72,5942.497
05 35 25.40,-05 10 48.12,4498.402
05 35 25.43,-05 21 51.53,3734.969
05 35 25.47,-05 21 35.00,4224.165
05 35 25.47,-05 34 02.87,3268.678
05 35 25.50,-05 45 44.90,3028.007
05 35 25.51,-04 51 20.58,3312.3
05 35 25.65,-05 07 57.31,3368.299
05 35 25.66,-05 30 20.89,3609.961
05 35 25.68,-04 49 31.30,3137.789
05 35 25.68,-05 30 38.12,3205.363
05 35 25.70,-06 23 18.95,3379.634
05 35 25.71,-05 23 09.41,4159.195
05 35 25.73,-05 09 49.46,4777.306
05 35 25.73,-05 26 41.76,3671.709
05 35 25.86,-05 07 56.55,3702.181
05 35 25.91,-05 56 48.84,3436.588
05 35 26.01,-05 25 47.79,3697.32
05 35 26.06,-05 21 21.00,4130.8
05 35 26.16,-05 22 57.03,3375.881
05 35 26.17,-05 20 06.05,4079.561
05 35 26.17,-05 45 08.49,3612.09
05 35 26.18,-05 25 20.40,3284.678
05 35 26.20,-05 27 36.67,4943.201
05 35 26.27,-04 15 50.03,5526.701
05 35 26.30,-05 27 43.93,3368.02
05 35 26.31,-05 15 11.33,5808.707
05 35 26.34,-05 25 40.16,4421.979
05 35 26.41,-05 16 12.45,3446.542
05 35 26.45,-05 30 16.48,3127.579
05 35 26.48,-05 17 56.50,4162.149
05 35 26.50,-05 48 49.77,4424.144
05 35 26.57,-05 17 53.08,3159.893
05 35 26.59,-04 56 06.71,3476.819
05 35 26.60,-06 16 28.32,3355.656
05 35 26.59,-06 19 09.16,3540.487
05 35 26.73,-05 16 45.11,3334.919
05 35 26.83,-06 26 47.55,3925.182
05 35 26.88,-04 47 30.64,4794.5
05 35 26.96,-06 13 42.22,5550.073
05 35 26.97,-05 10 17.33,5383.335
05 35 26.97,-05 24 00.59,3262.521
05 35 26.98,-05 13 14.51,5797.278
05 35 27.00,-05 48 46.00,3401.852
05 35 27.02,-06 14 11.05,6885.626
05 35 27.06,-05 15 44.75,3108.67
05 35 27.10,-06 45 48.49,3228.439
05 35 27.17,-06 19 42.01,3548.524
05 35 27.20,-05 30 24.73,3176.557
05 35 27.30,-05 23 36.60,3922.021
05 35 27.44,-05 26 28.15,3549.945
05 35 27.47,-05 17 09.95,3798.592
05 35 27.50,-05 27 25.92,3444.686
05 35 27.51,-05 35 19.47,3955.589
05 35 27.52,-04 25 27.17,6998.524
05 35 27.53,-05 13 56.33,3190.667
05 35 27.55,-05 28 30.92,3262.614
05 35 27.64,-05 09 37.20,4168.902
05 35 27.66,-05 42 55.11,4008.522
05 35 27.74,-05 18 04.66,3902.906
05 35 27.89,-05 28 02.03,3246.661
05 35 27.91,-06 14 15.06,3895.06
05 35 27.93,-06 09 39.12,3388.714
05 35 27.93,-05 16 57.24,3359.844
05 35 27.97,-05 29 31.10,3544.67
05 35 28.04,-05 17 20.24,3278.491
05 35 28.12,-05 18 57.22,3841.982
05 35 28.13,-05 23 06.43,3312.781
05 35 28.15,-05 10 13.85,3507.08
05 35 28.17,-05 00 49.57,3344.462
05 35 28.17,-05 11 37.56,3421.743
05 35 28.32,-05 59 13.29,3348.176
05 35 28.35,-05 17 54.49,3338.602
05 35 28.35,-05 18 23.07,3321.892
05 35 28.38,-05 25 03.37,3466.815
05 35 28.40,-05 56 28.00,3400.99
05 35 28.42,-05 26 20.27,6903.47
05 35 28.58,-05 05 44.62,3499.429
05 35 28.61,-04 55 03.65,4523.77
05 35 28.64,-04 47 26.52,3271.619
05 35 28.90,-05 35 06.79,3452.276
05 35 28.93,-05 16 18.47,3711.955
05 35 29.01,-05 49 48.60,4243.501
05 35 29.02,-05 06 04.04,4386.669
05 35 29.09,-05 29 10.33,3572.713
05 35 29.34,-05 25 46.26,3351.428
05 35 29.40,-04 38 20.51,3045.125
05 35 29.46,-05 16 33.42,4006.715
05 35 29.46,-06 16 26.64,3468.679
05 35 29.58,-05 24 56.88,3467.868
05 35 29.66,-05 31 12.35,3455.576
05 35 29.74,-05 48 45.03,3829.4
05 35 29.83,-05 32 53.45,4409.333
05 35 29.85,-05 23 55.53,3487.535
05 35 29.86,-05 23 48.43,3461.926
05 35 29.90,-05 12 10.39,3194.47
05 35 29.93,-06 44 15.10,5986.104
05 35 29.93,-04 57 08.16,5012.271
05 35 29.99,-05 12 27.47,3061.735
05 35 30.03,-04 34 27.68,3147.92
05 35 30.15,-05 14 18.57,3194.405
05 35 30.16,-06 12 05.98,3460.978
05 35 30.16,-06 03 02.62,4203.843
05 35 30.28,-05 25 51.62,3429.554
05 35 30.29,-05 13 52.67,4241.374
05 35 30.33,-05 27 37.06,3443.128
05 35 30.42,-05 34 38.57,3234.447
05 35 30.42,-05 25 38.59,3694.0
05 35 30.46,-05 19 34.05,4017.373
05 35 30.48,-05 49 03.72,3468.966
05 35 30.49,-05 24 23.08,4040.6
05 35 30.49,-05 28 30.55,3484.687
05 35 30.53,-04 51 28.99,4089.439
05 35 30.58,-05 51 55.43,3198.699
05 35 30.61,-04 59 36.06,4403.918
05 35 30.66,-05 27 16.74,3326.45
05 35 30.70,-05 18 07.14,3451.375
05 35 30.71,-05 24 31.21,3143.53
05 35 30.75,-05 21 46.62,3572.193
05 35 30.80,-05 30 36.20,3331.811
05 35 30.80,-05 51 50.97,3170.876
05 35 30.90,-04 55 17.87,3730.709
05 35 30.91,-05 18 17.95,3350.282
05 35 30.92,-05 25 23.64,3270.434
05 35 30.93,-05 43 05.32,3534.105
05 35 30.96,-05 25 43.96,3154.251
05 35 31.00,-05 22 01.31,3820.173
05 35 30.99,-07 02 08.54,3450.517
05 35 31.03,-04 57 20.02,3468.804
05 35 31.05,-06 45 18.12,3334.711
05 35 31.07,-05 04 15.08,4755.915
05 35 31.16,-04 54 15.07,6888.664
05 35 31.20,-05 12 28.05,3366.05
05 35 31.24,-05 23 40.02,4053.443
05 35 31.27,-05 18 55.93,3669.116
05 35 31.26,-05 40 10.81,3883.446
05 35 31.30,-05 15 33.08,4434.866
05 35 31.37,-05 33 08.84,5834.4
05 35 31.38,-05 58 40.28,3200.172
05 35 31.41,-05 28 16.37,3124.121
05 35 31.49,-06 14 18.86,3374.962
05 35 31.50,-05 05 01.66,3263.123
05 35 31.55,-05 40 27.82,4381.684
05 35 31.56,-05 16 36.95,3155.057
05 35 31.58,-05 15 23.56,3244.179
05 35 31.63,-05 00 14.08,3999.67
05 35 31.62,-05 16 58.20,3331.356
05 35 31.68,-05 30 04.10,3060.477
05 35 31.70,-04 41 07.74,3271.851
05 35 31.73,-04 49 52.63,3214.758
05 35 31.75,-05 16 39.90,3136.618
05 35 31.79,-05 29 34.09,3334.224
05 35 31.81,-06 06 29.45,3342.681
05 35 31.95,-05 09 27.96,4290.842
05 35 32.00,-05 16 20.12,3549.85
05 35 32.18,-05 11 57.99,3212.815
05 35 32.22,-04 46 57.24,3697.191
05 35 32.22,-05 44 26.51,3355.822
05 35 32.33,-05 11 43.51,3444.391
05 35 32.34,-05 18 07.86,3779.754
05 35 32.37,-05 31 11.16,4335.645
05 35 32.42,-05 14 24.78,3563.794
05 35 32.44,-05 15 06.90,3342.232
05 35 32.50,-05 29 02.20,4880.078
05 35 32.52,-05 26 10.45,3612.761
05 35 32.55,-06 01 22.54,5248.931
05 35 32.58,-04 50 06.88,4343.86
05 35 32.63,-04 20 02.98,3906.436
05 35 32.64,-05 15 51.45,3258.653
05 35 32.70,-06 30 18.18,3371.987
05 35 32.72,-04 50 11.78,4142.515
05 35 32.81,-05 17 38.46,3480.74
05 35 32.83,-05 18 19.83,3267.489
05 35 32.86,-06 52 38.59,4477.797
05 35 32.87,-05 30 21.41,3942.38
05 35 32.92,-05 16 05.23,4066.865
05 35 32.96,-05 12 04.73,3527.677
05 35 33.00,-04 43 58.87,4477.231
05 35 33.11,-05 17 34.02,3162.976
05 35 33.16,-05 14 10.53,3258.118
05 35 33.16,-05 47 07.47,3354.477
05 35 33.20,-05 16 05.40,4234.491
05 35 33.32,-05 39 24.77,3389.535
05 35 33.34,-04 51 11.37,3424.143
05 35 33.57,-06 02 20.31,3339.456
05 35 33.59,-05 15 23.22,3598.434
05 35 33.61,-05 28 50.64,3257.252
05 35 33.63,-05 00 42.05,3485.804
05 35 33.64,-05 03 08.04,4491.552
05 35 33.69,-04 46 23.77,3598.241
05 35 33.83,-05 04 27.57,4058.507
05 35 33.93,-06 14 32.76,3141.561
05 35 34.00,-04 53 58.05,3877.604
05 35 34.17,-06 22 57.78,3445.233
05 35 34.19,-04 33 42.19,3457.472
05 35 34.19,-06 39 43.31,3391.335
05 35 34.22,-05 27 18.37,3328.217
05 35 34.28,-05 06 21.23,6999.589
05 35 34.38,-05 26 59.70,3050.287
05 35 34.47,-04 40 20.74,4103.419
05 35 34.51,-04 46 54.86,3283.135
05 35 34.65,-06 02 47.24,3522.207
05 35 34.69,-05 34 38.09,3434.131
05 35 34.79,-06 05 00.82,6999.735
05 35 34.81,-06 21 51.32,6179.892
05 35 34.85,-04 23 25.19,6201.321
05 35 34.91,-05 29 14.47,4149.657
05 35 35.15,-05 21 23.66,3339.253
05 35 35.22,-04 47 39.68,3532.279
05 35 35.22,-05 26 55.05,3431.474
05 35 35.29,-05 21 27.15,3844.203
05 35 35.34,-05 11 11.47,3227.927
05 35 35.61,-05 15 43.23,3474.593
05 35 35.62,-05 29 36.57,3271.371
05 35 35.71,-05 20 33.18,3342.49
05 35 35.79,-05 12 20.60,6999.567
05 35 35.87,-06 12 09.12,5319.318
05 35 35.93,-04 10 57.30,3946.697
05 35 35.95,-05 38 42.69,3248.6
05 35 36.01,-05 12 25.31,4239.494
05 35 36.16,-04 18 47.42,5763.489
05 35 36.20,-05 04 56.00,3723.019
05 35 36.22,-05 20 20.43,3410.493
05 35 36.23,-04 51 20.90,3691.195
05 35 36.35,-05 31 37.87,3133.418
05 35 36.43,-04 16 20.00,3251.158
05 35 36.42,-05 01 15.57,4462.383
05 35 36.44,-05 34 11.15,3542.234
05 35 36.45,-04 21 30.44,3362.786
05 35 36.50,-05 20 09.44,3240.872
05 35 36.51,-04 33 35.22,5208.9
05 35 36.67,-06 45 12.69,6448.596
05 35 36.69,-05 04 14.51,3472.695
05 35 36.69,-04 57 30.01,3200.945
05 35 36.71,-05 37 41.55,3937.2
05 35 36.71,-05 58 56.30,3284.264
05 35 36.72,-05 10 00.42,3155.773
05 35 36.79,-05 37 46.48,3441.474
05 35 36.84,-06 16 30.95,3934.827
05 35 36.91,-04 46 10.08,5971.65
05 35 37.08,-04 10 05.94,6049.937
05 35 37.16,-05 10 29.52,3430.799
05 35 37.33,-06 23 26.39,3371.382
05 35 37.34,-06 00 00.21,3103.936
05 35 37.34,-06 21 19.15,3206.802
05 35 37.48,-06 53 45.99,4868.615
05 35 37.58,-05 27 16.47,3425.215
05 35 38.03,-04 48 33.38,3457.428
05 35 38.03,-05 28 21.55,3433.05
05 35 38.21,-05 14 19.02,3373.197
05 35 38.53,-04 59 41.15,3582.152
05 35 38.63,-05 09 56.64,2997.948
05 35 38.73,-05 16 59.10,3159.863
05 35 38.86,-05 12 41.96,4244.703
05 35 38.90,-05 36 33.23,2925.916
05 35 39.01,-05 21 01.73,3970.369
05 35 39.03,-05 40 59.91,3718.238
05 35 39.03,-05 07 04.32,3332.994
05 35 39.08,-05 08 56.44,4236.423
05 35 39.21,-05 16 35.52,4367.686
05 35 39.36,-04 47 34.54,6056.954
05 35 39.49,-04 40 19.42,3767.842
05 35 39.51,-04 35 13.77,6359.135
05 35 39.60,-04 25 12.97,4579.331
05 35 39.65,-05 27 50.27,3295.082
05 35 39.74,-04 51 41.65,4260.419
05 35 39.95,-04 57 31.22,3872.005
05 35 39.96,-05 06 36.82,3197.914
05 35 40.02,-04 45 55.37,3837.404
05 35 40.08,-05 27 58.95,3242.88
05 35 40.19,-05 17 29.29,6717.233
05 35 40.23,-04 51 06.21,4160.854
05 35 40.40,-06 35 54.83,5514.801
05 35 40.50,-04 52 26.06,3394.541
05 35 40.50,-05 27 01.80,5415.947
05 35 40.54,-05 58 03.65,3332.762
05 35 40.55,-04 35 18.98,3492.614
05 35 40.76,-04 48 30.54,4611.853
05 35 40.76,-05 12 47.93,3174.896
05 35 40.78,-05 09 01.59,4289.847
05 35 40.81,-05 21 41.83,3584.589
05 35 40.83,-05 32 01.87,3384.94
05 35 40.83,-06 18 06.73,3359.823
05 35 40.89,-06 43 51.91,4479.589
05 35 41.02,-06 26 50.44,4378.673
05 35 41.02,-06 22 45.39,3459.024
05 35 41.05,-05 06 25.34,3339.592
05 35 41.06,-05 36 22.80,6545.583
05 35 41.08,-04 49 47.71,5418.667
05 35 41.30,-05 38 32.95,3258.226
05 35 41.32,-05 27 50.38,3291.61
05 35 41.32,-07 12 03.90,5786.131
05 35 41.37,-05 12 58.99,3503.268
05 35 41.39,-04 37 55.96,5290.987
05 35 41.98,-05 28 12.81,4371.102
05 35 42.01,-05 10 11.51,4132.608
05 35 42.30,-05 15 08.00,3470.986
05 35 42.48,-05 27 33.04,4260.242
05 35 42.62,-05 26 08.39,3175.748
05 35 42.67,-05 25 45.08,3132.608
05 35 42.77,-05 11 54.79,4068.089
05 35 42.76,-06 34 51.86,3492.978
05 35 42.85,-05 51 36.85,6379.917
05 35 43.00,-05 23 02.43,3451.074
05 35 43.01,-05 59 45.99,3443.599
05 35 43.03,-04 47 00.33,3365.32
05 35 43.10,-05 20 13.83,5475.819
05 35 43.11,-04 24 55.70,3898.858
05 35 43.22,-05 36 27.41,4219.528
05 35 43.25,-05 09 17.13,3778.462
05 35 43.37,-06 22 19.59,3245.722
05 35 43.40,-05 32 44.10,3619.748
05 35 43.44,-05 40 55.10,3422.186
05 35 43.56,-05 05 41.46,3518.527
05 35 43.61,-05 42 32.20,3809.175
05 35 44.13,-04 48 04.83,3578.396
05 35 44.17,-05 36 39.79,3091.147
05 35 44.51,-04 44 15.91,3568.103
05 35 44.52,-05 36 33.19,3150.372
05 35 44.59,-05 32 16.54,5000.193
05 35 44.63,-04 50 09.81,3458.089
05 35 44.72,-05 51 02.78,4991.609
05 35 44.85,-05 24 34.48,3357.088
05 35 44.86,-05 07 17.02,4013.998
05 35 45.10,-04 51 41.84,3137.464
05 35 45.33,-07 04 21.96,5197.271
05 35 45.42,-05 20 36.82,3832.393
05 35 45.57,-05 28 22.99,3410.05
05 35 45.63,-05 13 36.17,3315.127
05 35 45.63,-05 18 13.75,5801.238
05 35 45.88,-06 05 38.80,3371.456
05 35 45.93,-06 25 59.15,4376.966
05 35 46.06,-06 12 22.94,3881.103
05 35 46.12,-05 10 51.78,4216.27
05 35 46.24,-05 15 39.84,3508.355
05 35 46.43,-05 41 00.77,3262.619
05 35 46.56,-04 26 12.72,3975.53
05 35 46.61,-05 22 24.32,3238.338
05 35 46.69,-05 49 26.28,3839.934
05 35 46.85,-06 05 07.57,3594.612
05 35 47.15,-06 29 10.46,3177.845
05 35 47.30,-06 33 23.38,3416.631
05 35 47.39,-05 13 18.56,3564.025
05 35 47.40,-06 31 31.80,5038.947
05 35 47.42,-05 10 28.46,3714.914
05 35 47.48,-05 22 49.52,3477.92
05 35 47.51,-05 16 58.00,6870.037
05 35 47.65,-05 19 14.52,3533.608
05 35 47.65,-05 37 38.81,3160.817
05 35 47.65,-06 21 36.07,3071.77
05 35 47.79,-05 10 30.77,4401.8
05 35 47.83,-05 13 17.70,5299.961
05 35 48.00,-06 01 34.64,3526.887
05 35 48.14,-05 53 57.36,3492.411
05 35 48.16,-05 31 55.65,3557.567
05 35 48.26,-05 11 10.31,5418.629
05 35 48.28,-06 17 59.40,3436.816
05 35 48.39,-06 17 36.16,3249.942
05 35 48.66,-05 19 32.07,5078.4
05 35 48.72,-05 19 27.49,3267.536
05 35 48.78,-04 46 07.39,6020.486
05 35 48.87,-06 12 07.86,4306.398
05 35 48.98,-05 01 39.43,3438.267
05 35 49.04,-05 15 37.77,3393.85
05 35 49.14,-06 41 03.12,3370.705
05 35 49.50,-05 35 26.31,3831.735
05 35 49.52,-04 07 30.06,4324.424
05 35 49.55,-04 24 38.47,3727.567
05 35 49.80,-05 40 27.75,6992.513
05 35 49.86,-04 46 32.34,3183.864
05 35 49.88,-05 18 30.90,3454.999
05 35 49.92,-06 53 00.83,5043.495
05 35 50.08,-05 09 46.38,5280.804
05 35 50.19,-05 21 16.98,3246.292
05 35 50.19,-06 50 40.22,4241.269
05 35 50.34,-04 17 00.83,6717.985
05 35 50.36,-07 12 48.00,5692.121
05 35 50.47,-05 51 42.21,4199.606
05 35 50.56,-06 33 17.45,3353.64
05 35 50.77,-05 16 29.18,4271.322
05 35 50.96,-06 22 43.64,3527.514
05 35 50.98,-06 37 56.82,5572.149
05 35 51.06,-05 15 09.09,3883.938
05 35 51.10,-05 07 08.89,3470.89
05 35 51.18,-04 56 27.68,3357.853
05 35 51.72,-04 16 42.14,4469.261
05 35 52.02,-05 28 47.17,4269.567
05 35 52.02,-06 10 01.68,4102.917
05 35 52.21,-05 39 24.71,3470.857
05 35 52.25,-04 43 04.87,3936.139
05 35 52.33,-05 12 56.99,3179.948
05 35 52.52,-04 30 05.46,4207.0
05 35 52.63,-05 05 05.67,4798.906
05 35 52.76,-05 12 59.01,4245.375
05 35 52.82,-05 22 31.45,3912.015
05 35 52.90,-04 08 07.34,3350.845
05 35 53.56,-05 02 34.52,4141.717
05 35 53.81,-04 57 14.10,5984.018
05 35 54.06,-04 47 19.36,3359.197
05 35 54.09,-05 28 32.72,3790.882
05 35 54.08,-05 37 42.32,3382.264
05 35 54.33,-05 26 44.48,3848.284
05 35 54.47,-04 48 04.91,4876.006
05 35 54.55,-06 57 03.24,3404.046
05 35 54.63,-05 27 07.56,3534.193
05 35 55.05,-04 40 27.80,3599.605
05 35 55.13,-06 10 09.38,3063.549
05 35 55.36,-05 47 01.80,3215.166
05 35 55.74,-05 49 29.44,3259.367
05 35 56.05,-05 09 03.15,5498.618
05 35 56.37,-04 36 30.32,6030.511
05 35 56.41,-05 16 31.86,3501.964
05 35 56.90,-05 45 19.11,3410.457
05 35 56.96,-06 29 38.12,2919.291
05 35 57.05,-06 47 04.82,4518.159
05 35 57.30,-06 40 28.11,3333.536
05 35 57.45,-06 16 35.03,3285.594
05 35 57.45,-06 42 41.86,3775.522
05 35 57.52,-05 39 51.39,3503.864
05 35 57.65,-05 57 18.35,3476.754
05 35 57.68,-06 38 13.21,3973.236
05 35 57.74,-06 11 24.71,3527.406
05 35 57.85,-06 23 44.43,3158.613
05 35 57.98,-06 08 13.75,3059.828
05 35 58.07,-05 12 54.80,5255.554
05 35 58.17,-04 36 40.98,4477.736
05 35 58.25,-06 36 43.12,3882.053
05 35 58.54,-05 22 31.32,6999.554
05 35 58.61,-04 29 24.20,3381.498
05 35 58.97,-05 59 08.47,3422.506
05 35 59.16,-05 39 59.61,4936.013
05 35 59.23,-06 49 51.93,3353.779
05 35 59.24,-04 58 46.24,3460.753
05 35 59.48,-05 37 09.64,3250.811
05 35 59.66,-05 29 43.58,4472.538
05 35 59.75,-06 16 06.55,3880.252
05 35 59.75,-07 13 29.88,4263.131
05 36 00.18,-06 42 33.94,4237.712
05 36 00.20,-04 43 46.04,3448.296
05 36 00.22,-06 03 29.52,4252.15
05 36 00.28,-06 23 47.30,3224.649
05 36 00.31,-05 34 23.50,3250.832
05 36 00.34,-05 04 59.83,3244.636
05 36 00.67,-04 56 06.89,6385.837
05 36 00.79,-05 41 06.51,3870.798
05 36 01.09,-06 25 07.68,3278.375
05 36 01.10,-06 15 31.45,3479.216
05 36 01.33,-04 50 10.76,6999.311
05 36 01.41,-06 44 14.63,3201.942
05 36 01.72,-04 54 00.16,5490.814
05 36 01.76,-04 34 17.06,4201.773
05 36 01.83,-05 33 12.80,6986.155
05 36 01.86,-05 17 36.57,4241.087
05 36 02.76,-05 15 26.98,3106.502
05 36 02.89,-06 50 42.18,3352.41
05 36 02.97,-04 19 26.72,3366.755
05 36 03.62,-04 14 17.76,3354.621
05 36 03.85,-07 18 31.20,5687.645
05 36 04.16,-05 04 08.86,3161.301
05 36 04.21,-06 20 44.02,6607.097
05 36 04.33,-05 07 15.66,6209.424
05 36 04.61,-06 11 27.14,3552.724
05 36 04.98,-04 28 05.78,5989.572
05 36 04.98,-06 46 41.43,3565.877
05 36 05.00,-05 48 00.42,5431.309
05 36 05.00,-06 42 43.97,3130.993
05 36 05.08,-04 59 42.75,5451.299
05 36 05.08,-06 29 32.16,4141.778
05 36 05.16,-06 25 25.40,3538.853
05 36 05.19,-05 21 34.54,5445.136
05 36 05.20,-05 41 39.13,3097.253
05 36 05.31,-07 04 13.04,5188.556
05 36 05.65,-05 52 13.08,3330.599
05 36 05.97,-04 37 01.11,6196.774
05 36 06.04,-06 19 38.85,6041.958
05 36 06.26,-04 25 32.70,6999.642
05 36 06.31,-05 41 56.63,4661.816
05 36 06.42,-04 41 53.85,3331.324
05 36 06.66,-06 14 25.94,3853.05
05 36 06.65,-06 32 17.18,4262.25
05 36 06.80,-05 06 15.60,3433.118
05 36 06.86,-06 23 35.28,6120.119
05 36 06.90,-04 20 37.64,3534.896
05 36 06.93,-06 18 53.40,3238.245
05 36 07.04,-05 34 18.27,3159.71
05 36 07.08,-06 57 13.28,3073.99
05 36 07.16,-06 03 25.93,4515.612
05 36 07.21,-04 17 00.14,3425.362
05 36 07.25,-05 31 14.78,5823.588
05 36 07.30,-05 40 22.23,3752.922
05 36 07.29,-05 42 21.66,4323.2
05 36 07.34,-06 43 07.55,6794.38
05 36 07.39,-05 30 27.50,3089.756
05 36 07.57,-06 00 24.48,6921.435
05 36 08.09,-04 41 20.58,3548.025
05 36 08.29,-06 48 36.34,3311.079
05 36 08.34,-06 24 37.86,2886.77
05 36 08.40,-04 28 52.61,3248.82
05 36 08.69,-05 21 02.16,3288.3
05 36 08.74,-04 12 54.89,3347.96
05 36 08.87,-04 07 20.03,4629.058
05 36 08.99,-05 44 47.95,3445.226
05 36 09.28,-05 36 38.83,3352.204
05 36 09.28,-04 50 00.80,3223.405
05 36 09.35,-06 17 10.80,3492.073
05 36 09.42,-05 46 26.57,3881.606
05 36 09.49,-06 18 36.33,3559.042
05 36 09.61,-06 10 29.11,3498.723
05 36 09.66,-05 27 51.10,5521.72
05 36 10.11,-05 22 05.01,3220.468
05 36 10.33,-05 42 27.04,3838.64
05 36 10.38,-05 45 16.86,6048.066
05 36 10.44,-06 20 01.50,4338.798
05 36 10.49,-05 19 44.91,4279.164
05 36 10.87,-06 33 47.46,3440.692
05 36 10.97,-05 39 49.28,3739.161
05 36 11.01,-05 57 26.32,3194.9
05 36 11.02,-04 36 17.86,6386.125
05 36 11.46,-06 22 22.08,3610.2
05 36 11.48,-06 45 52.26,3723.498
05 36 11.80,-05 00 32.64,3359.736
05 36 11.93,-06 49 38.86,6011.184
05 36 12.15,-05 33 29.69,3349.202
05 36 12.51,-05 40 45.43,3267.476
05 36 12.61,-06 23 39.57,3182.425
05 36 12.67,-05 43 41.16,3910.466
05 36 12.80,-05 59 34.48,4095.663
05 36 12.93,-04 32 21.62,6182.649
05 36 12.94,-07 03 32.07,6699.198
05 36 12.97,-06 23 32.97,3472.48
05 36 13.15,-06 25 41.13,3387.412
05 36 13.19,-05 49 43.17,4368.899
05 36 13.47,-06 27 31.17,5343.19
05 36 14.43,-04 14 12.05,3271.69
05 36 14.43,-04 50 15.93,4656.921
05 36 14.59,-05 25 49.83,3988.865
05 36 14.66,-05 37 34.99,3611.267
05 36 14.76,-06 13 16.92,3481.813
05 36 14.80,-05 45 57.14,5928.599
05 36 15.02,-05 38 52.57,6997.599
05 36 15.07,-06 17 36.90,4193.516
05 36 15.19,-05 34 03.08,3329.965
05 36 15.84,-06 14 50.73,3422.658
05 36 16.22,-06 05 22.97,6105.88
05 36 16.24,-06 04 09.69,5624.751
05 36 16.34,-04 46 42.17,6261.29
05 36 16.47,-04 57 58.68,5262.921
05 36 16.98,-05 11 42.76,4207.666
05 36 17.03,-05 43 14.50,5313.531
05 36 17.23,-06 17 24.50,3174.018
05 36 17.57,-04 22 31.84,5504.607
05 36 17.70,-06 28 36.40,3418.482
05 36 18.33,-06 13 59.71,4788.759
05 36 18.48,-06 20 38.73,3558.92
05 36 18.67,-06 31 25.64,3213.178
05 36 18.79,-05 12 18.25,3194.138
05 36 19.38,-06 25 51.33,3034.923
05 36 19.74,-05 48 23.60,3184.132
05 36 19.76,-04 44 55.11,4326.852
05 36 19.76,-05 14 38.67,3760.471
05 36 19.80,-06 31 19.29,3556.998
05 36 19.90,-07 06 48.59,6508.545
05 36 20.56,-07 05 31.78,3433.987
05 36 20.56,-05 41 39.57,4088.73
05 36 20.90,-06 31 10.08,4151.729
05 36 21.01,-05 27 34.10,3308.104
05 36 21.06,-06 21 53.42,3753.035
05 36 21.10,-06 17 17.28,3124.116
05 36 21.30,-05 20 14.18,3427.134
05 36 21.41,-06 45 36.65,4371.061
05 36 21.57,-06 22 52.45,3486.816
05 36 21.77,-07 16 39.15,5293.603
05 36 21.83,-05 17 32.67,5214.354
05 36 21.84,-06 26 02.04,4081.911
05 36 21.88,-06 23 29.90,3144.833
05 36 21.96,-06 41 41.96,3163.476
05 36 22.19,-07 16 06.43,3349.573
05 36 22.47,-06 23 44.80,3288.072
05 36 22.54,-04 29 29.60,3469.56
05 36 23.51,-06 06 36.28,6042.882
05 36 23.76,-07 09 04.78,3443.842
05 36 23.92,-05 13 23.21,5608.574
05 36 24.02,-06 25 27.22,3846.084
05 36 24.23,-05 44 48.62,4197.825
05 36 24.37,-05 34 50.15,4234.926
05 36 24.38,-06 59 52.76,5248.22
05 36 24.48,-06 22 23.24,3303.063
05 36 24.72,-06 05 13.25,3239.884
05 36 24.83,-04 29 08.66,3791.052
05 36 24.99,-06 17 32.48,4174.529
05 36 25.13,-06 44 41.85,4164.54
05 36 25.93,-04 33 41.77,3844.553
05 36 26.11,-06 08 03.80,3891.33
05 36 26.71,-06 26 28.99,3836.033
05 36 26.78,-06 43 43.44,3508.117
05 36 26.85,-04 31 36.70,4880.398
05 36 26.85,-05 56 30.17,3068.791
05 36 27.19,-05 24 31.31,6999.553
05 36 27.32,-05 46 42.37,4128.0
05 36 27.54,-05 30 55.56,3443.484
05 36 27.69,-05 42 21.68,3223.388
05 36 27.72,-06 23 12.33,3137.823
05 36 27.85,-05 42 28.53,5287.098
05 36 27.89,-06 25 36.04,3248.326
05 36 28.10,-06 44 32.61,3490.216
05 36 28.18,-05 57 50.70,5346.555
05 36 28.39,-05 21 42.16,6716.782
05 36 28.74,-05 42 26.34,3170.892
05 36 28.90,-05 14 43.40,3170.06
05 36 29.22,-05 46 12.45,6905.01
05 36 29.28,-04 53 51.05,3340.65
05 36 29.42,-04 27 14.12,6790.253
05 36 29.51,-04 39 57.28,5100.178
05 36 29.74,-05 20 06.84,3819.052
05 36 29.90,-06 38 22.29,3523.256
05 36 30.10,-06 23 10.15,4121.438
05 36 30.16,-05 26 12.79,4069.891
05 36 30.17,-05 53 09.91,3162.442
05 36 30.23,-06 42 46.06,3480.389
05 36 30.67,-05 43 00.12,5639.49
05 36 30.71,-06 45 38.56,5740.939
05 36 30.96,-06 27 13.93,6999.749
05 36 31.52,-06 41 13.49,3496.395
05 36 31.58,-06 08 27.12,4040.002
05 36 31.63,-04 58 21.14,5301.803
05 36 31.67,-05 26 35.68,3363.626
05 36 32.13,-05 17 13.54,3783.218
05 36 32.13,-05 23 45.06,5655.484
05 36 32.38,-06 19 19.88,4672.326
05 36 32.53,-05 53 58.07,5717.646
05 36 32.67,-05 51 08.31,3877.049
05 36 32.82,-06 39 54.93,3936.387
05 36 32.86,-05 42 34.65,6020.169
05 36 32.87,-06 12 37.53,3455.051
05 36 32.89,-06 44 20.88,3468.514
05 36 33.01,-06 33 59.73,6221.726
05 36 33.07,-06 44 29.48,3350.459
05 36 33.49,-04 16 30.22,5246.295
05 36 33.69,-05 57 53.58,3449.426
05 36 33.81,-04 24 03.70,3439.751
05 36 34.16,-06 49 03.66,5736.147
05 36 34.65,-05 32 14.19,3958.106
05 36 35.74,-04 11 41.19,3164.657
05 36 35.76,-06 42 49.91,3366.888
05 36 36.17,-05 55 28.85,3863.343
05 36 36.32,-04 37 42.85,5285.469
05 36 36.33,-05 36 34.11,3362.216
05 36 36.54,-06 14 25.18,3377.181
05 36 36.57,-04 44 06.09,5171.266
05 36 36.82,-05 34 19.07,3325.633
05 36 36.93,-06 33 24.15,2948.923
05 36 37.05,-05 04 41.22,3523.197
05 36 37.21,-05 26 25.35,3467.29
05 36 37.33,-05 44 07.37,3344.146
05 36 37.81,-06 25 30.22,6400.713
05 36 37.97,-07 27 30.61,5563.533
05 36 38.13,-05 37 10.30,3362.647
05 36 38.46,-04 19 38.56,4375.117
05 36 38.52,-06 02 16.71,4339.226
05 36 38.68,-05 07 53.27,6778.553
05 36 38.92,-05 26 02.82,5353.091
05 36 39.27,-05 54 25.35,5486.007
05 36 39.33,-05 19 52.69,6959.814
05 36 39.49,-05 19 19.70,3400.517
05 36 39.71,-05 40 26.76,3255.842
05 36 39.83,-04 37 51.77,3528.118
05 36 39.86,-05 09 50.52,3467.793
05 36 39.94,-05 21 23.19,3369.742
05 36 40.05,-05 12 23.14,3450.924
05 36 40.08,-05 13 59.61,6779.143
05 36 40.23,-05 51 39.31,5683.189
05 36 40.39,-06 13 33.41,3631.65
05 36 40.42,-05 17 55.23,5522.662
05 36 40.59,-06 10 33.28,3891.465
05 36 40.69,-06 30 09.33,3870.466
05 36 40.69,-06 52 04.52,3481.859
05 36 40.94,-06 41 17.76,3239.434
05 36 41.00,-05 53 36.66,4769.866
05 36 41.21,-06 41 01.14,3021.518
05 36 41.35,-06 34 00.36,3473.547
05 36 42.03,-05 40 36.68,5233.054
05 36 42.04,-06 07 06.10,3375.241
05 36 42.67,-06 57 19.27,4131.851
05 36 42.70,-05 34 11.93,3859.337
05 36 43.41,-05 27 04.86,5705.287
05 36 43.77,-06 15 28.56,3247.512
05 36 44.50,-04 25 59.24,4063.059
05 36 44.64,-04 09 13.21,5229.334
05 36 44.67,-05 16 07.51,5271.655
05 36 45.20,-05 38 29.13,6185.404
05 36 45.21,-06 28 09.64,3315.541
05 36 46.78,-04 44 31.20,3445.927
05 36 47.09,-05 30 34.27,3535.791
05 36 47.18,-05 22 50.08,3223.985
05 36 47.54,-06 08 20.31,3418.393
05 36 47.61,-05 36 31.27,3540.16
05 36 48.16,-05 40 52.87,3245.622
05 36 48.25,-05 22 57.13,3284.758
05 36 49.00,-05 56 49.11,3579.72
05 36 49.37,-04 49 05.04,5292.824
05 36 49.48,-04 57 48.40,5515.545
05 36 49.61,-05 49 36.14,5674.227
05 36 49.66,-05 04 09.40,3384.719
05 36 50.00,-04 14 04.02,5988.6
05 36 50.14,-06 41 29.25,4036.1
05 36 50.23,-06 48 58.25,3259.626
05 36 50.29,-07 34 08.13,6297.028
05 36 50.72,-04 28 28.01,5306.709
05 36 50.78,-04 59 33.42,5776.955
05 36 50.83,-07 07 27.69,5486.571
05 36 50.94,-05 33 04.41,3394.266
05 36 51.03,-04 43 29.45,6059.087
05 36 51.26,-04 25 39.85,5650.534
05 36 51.74,-05 13 29.92,4526.152
05 36 51.86,-05 08 35.82,3775.357
05 36 52.33,-07 06 10.22,3164.388
05 36 52.69,-06 43 08.36,3638.866
05 36 52.73,-04 50 00.36,5520.1
05 36 53.18,-04 59 47.32,3288.254
05 36 53.96,-04 57 11.51,5194.784
05 36 54.24,-05 32 18.30,3442.348
05 36 54.29,-06 19 45.57,3333.016
05 36 54.56,-04 44 19.86,5683.228
05 36 55.22,-06 20 25.80,3359.053
05 36 55.44,-05 26 00.09,3533.411
05 36 56.03,-05 03 06.68,6027.21
05 36 56.68,-06 20 26.07,3522.663
05 36 56.68,-05 03 52.32,6958.452
05 36 56.93,-05 52 23.23,6158.725
05 36 57.21,-05 06 04.92,3639.125
05 36 58.98,-06 29 04.91,3322.149
05 36 59.25,-06 09 16.41,6055.183
05 36 59.46,-04 52 18.39,6001.224
05 36 59.67,-04 11 13.42,5805.207
05 36 59.80,-05 23 40.87,3525.601
05 37 00.00,-06 58 02.16,3906.196
05 37 00.08,-05 44 53.13,5979.551
05 37 00.10,-06 33 27.35,4359.102
05 37 00.17,-05 14 11.70,5548.686
05 37 00.33,-05 25 08.56,3165.044
05 37 00.51,-05 09 31.46,2942.2
05 37 00.52,-07 12 40.06,3484.521
05 37 00.68,-05 25 01.05,3261.674
05 37 00.71,-05 49 18.29,5352.398
05 37 00.92,-05 41 36.98,4357.084
05 37 01.01,-07 35 46.98,3235.829
05 37 01.35,-06 47 19.13,5723.263
05 37 01.42,-07 18 24.69,6205.104
05 37 01.83,-05 36 28.25,3312.8
05 37 02.39,-05 36 29.74,4939.683
05 37 03.12,-05 24 14.05,3657.105
05 37 03.45,-04 37 04.67,6194.66
05 37 03.66,-06 58 59.45,5306.11
05 37 03.72,-06 04 21.60,6402.543
05 37 03.77,-04 41 46.67,5700.995
05 37 04.48,-05 43 50.97,5628.75
05 37 04.86,-05 52 10.54,4956.23
05 37 05.29,-07 37 57.68,5019.371
05 37 05.75,-04 47 21.25,3354.955
05 37 05.77,-06 27 16.52,3330.444
05 37 05.90,-06 47 14.91,3249.945
05 37 05.94,-07 27 56.16,6048.167
05 37 06.12,-05 37 25.23,3319.328
05 37 06.47,-05 09 58.36,6259.451
05 37 07.63,-06 52 58.09,3472.73
05 37 09.36,-07 20 49.55,6211.931
05 37 09.93,-06 45 46.47,3412.151
05 37 10.69,-06 35 27.97,3687.927
05 37 10.81,-06 45 40.88,3525.021
05 37 10.85,-06 30 15.20,3140.842
05 37 11.24,-07 29 41.52,5340.576
05 37 11.61,-07 23 23.95,4938.608
05 37 11.91,-06 29 16.97,3346.004
05 37 12.07,-07 07 38.64,6989.845
05 37 13.27,-06 35 00.54,6997.21
05 37 13.90,-06 18 13.46,3206.337
05 37 13.95,-07 03 23.12,3358.791
05 37 14.02,-07 03 41.23,3535.6
05 37 15.51,-06 59 03.79,4163.783
05 37 17.52,-06 12 48.10,3345.782
05 37 17.67,-06 23 41.68,5307.639
05 37 18.33,-06 26 11.78,5513.266
05 37 19.04,-07 10 30.51,6999.429
05 37 19.90,-07 18 57.83,3073.196
05 37 21.75,-07 16 46.25,6005.9
05 37 22.86,-06 44 46.58,3495.05
05 37 23.66,-06 47 10.18,4144.781
05 37 24.48,-06 58 33.00,3301.379
05 37 25.31,-06 33 12.51,4388.946
05 37 25.42,-07 30 44.47,5312.238
05 37 27.90,-06 35 57.39,4561.662
05 37 29.80,-07 13 07.04,5005.304
05 37 30.29,-07 16 00.61,5308.217
05 37 30.66,-06 56 06.36,3254.185
05 37 31.16,-06 40 13.14,5786.583
05 37 31.48,-06 15 11.29,3436.507
05 37 32.10,-06 47 05.71,3439.065
05 37 32.30,-07 04 58.90,3389.121
05 37 32.45,-06 39 05.17,3351.142
05 37 32.95,-07 36 03.52,3358.997
05 37 33.04,-07 14 41.05,5296.09
05 37 34.13,-06 20 07.45,6218.167
05 37 36.12,-07 05 47.36,4705.526
05 37 36.44,-06 31 04.74,3527.938
05 37 37.01,-07 24 16.78,3750.198
05 37 37.06,-07 48 23.62,6064.441
05 37 38.24,-06 33 15.58,5731.706
05 37 38.98,-06 45 15.42,3323.043
05 37 41.45,-06 33 57.83,6206.799
05 37 41.63,-07 37 22.26,5669.101
05 37 41.80,-06 39 34.36,3149.003
05 37 42.71,-06 30 32.77,5486.615
05 37 42.79,-06 40 16.12,4425.32
05 37 44.49,-06 50 36.61,3537.601
05 37 45.05,-07 06 22.98,3804.006
05 37 45.09,-06 18 22.08,3348.144
05 37 45.39,-06 38 13.29,3338.147
05 37 47.47,-06 36 29.89,3816.024
05 37 47.83,-07 43 11.59,6514.455
05 37 49.28,-06 28 33.31,5992.174
05 37 49.35,-06 51 37.30,3342.468
05 37 49.46,-06 55 16.69,5690.699
05 37 49.54,-06 56 27.44,3374.302
05 37 50.84,-06 43 19.51,6959.804
05 37 51.38,-06 39 51.54,4459.1
05 37 52.16,-06 21 54.39,5503.088
05 37 52.32,-07 19 34.07,5689.41
05 37 53.49,-06 58 15.69,3546.15
05 37 54.48,-06 57 31.06,4355.044
05 37 54.51,-06 56 45.50,3972.164
05 37 54.70,-06 54 07.54,3316.125
05 37 54.91,-06 47 26.06,5675.927
05 37 55.03,-06 44 59.06,3344.066
05 37 55.20,-06 58 43.38,3307.351
05 37 55.65,-06 57 18.11,3783.456
05 37 55.74,-06 58 37.90,3417.25
05 37 56.03,-06 48 54.96,3906.137
05 37 56.61,-06 38 00.99,5283.693
05 37 58.54,-06 30 40.32,5710.758
05 37 58.90,-06 43 30.92,3102.314
05 37 59.05,-06 58 46.32,3227.959
05 37 59.81,-06 42 05.55,3258.43
05 38 00.38,-06 32 40.81,5725.271
05 38 00.83,-07 15 54.16,3466.801
05 38 01.06,-06 42 25.43,5339.761
05 38 01.61,-07 22 21.85,5012.024
05 38 02.92,-06 28 27.07,5030.859
05 38 03.95,-07 19 17.16,4010.556
05 38 04.17,-07 22 04.42,3341.487
05 38 04.96,-07 16 10.76,3548.929
05 38 04.99,-06 38 25.91,3179.406
05 38 05.02,-07 06 42.30,6101.796
05 38 05.49,-06 53 14.76,3893.032
05 38 07.66,-07 45 13.72,6999.108
05 38 08.09,-07 59 04.34,5331.5
05 38 09.16,-07 05 25.80,4238.956
05 38 09.31,-06 49 16.62,6778.563
05 38 09.63,-07 33 28.48,3371.474
05 38 09.79,-07 49 15.73,5678.203
05 38 10.40,-07 09 29.60,3539.442
05 38 10.50,-06 57 07.11,3482.631
05 38 10.83,-06 57 45.73,6058.441
05 38 11.13,-07 20 15.19,6576.494
05 38 12.36,-07 03 29.90,6545.473
05 38 12.79,-07 21 21.13,5493.456
05 38 13.45,-07 06 43.33,3674.377
05 38 15.49,-07 12 45.84,6000.508
05 38 16.18,-07 59 31.70,6157.1
05 38 16.48,-07 04 20.00,5942.603
05 38 17.43,-07 09 39.60,3437.636
05 38 19.18,-07 20 50.63,3105.617
05 38 21.60,-06 58 09.85,4971.907
05 38 23.21,-06 55 25.45,4555.205
05 38 23.21,-07 19 33.78,3455.952
05 38 23.47,-07 33 08.35,3345.172
05 38 23.49,-07 04 44.70,3186.546
05 38 23.69,-06 37 44.68,4596.614
05 38 23.78,-06 37 40.80,4427.032
05 38 23.88,-07 07 38.95,3953.929
05 38 25.89,-06 59 51.94,3351.297
05 38 26.04,-07 37 59.25,3372.372
05 38 26.80,-06 50 55.32,3516.106
05 38 27.58,-06 38 35.42,6029.769
05 38 27.68,-06 54 53.72,3898.217
05 38 27.78,-07 44 21.54,5576.103
05 38 28.51,-07 10 00.18,4158.939
05 38 28.96,-07 50 41.11,6165.2
05 38 30.10,-06 39 41.67,3412.966
05 38 30.60,-07 01 43.63,3359.236
05 38 31.67,-08 01 00.53,5255.801
05 38 31.95,-06 36 24.83,3465.562
05 38 31.98,-06 52 39.06,3389.344
05 38 32.31,-07 16 58.26,3150.044
05 38 32.68,-07 30 52.19,3257.561
05 38 33.26,-06 50 38.01,5507.448
05 38 33.67,-07 44 23.68,6166.474
05 38 33.83,-07 17 02.93,3534.962
05 38 34.24,-07 24 02.14,6164.128
05 38 34.37,-07 10 40.50,3547.242
05 38 34.64,-06 39 14.78,6017.262
05 38 35.19,-07 50 19.78,4286.344
05 38 36.60,-07 46 34.47,3457.954
05 38 36.66,-07 11 00.16,3341.626
05 38 40.11,-06 59 14.83,3245.049
05 38 40.22,-06 56 53.27,3531.996
05 38 40.49,-06 58 21.24,3475.626
05 38 40.78,-06 37 06.50,6597.873
05 38 41.48,-07 01 52.56,3328.083
05 38 41.63,-06 53 55.48,4554.763
05 38 42.51,-07 12 57.62,3595.04
05 38 42.79,-07 12 43.79,4054.685
05 38 43.22,-06 58 08.92,3743.447
05 38 43.37,-07 01 34.89,3556.675
05 38 44.95,-06 58 14.65,3630.042
05 38 45.01,-07 49 48.09,3418.902
05 38 46.70,-07 54 30.07,4588.5
05 38 46.84,-07 05 08.91,3375.215
05 38 46.87,-08 07 44.56,4144.2
05 38 47.17,-07 02 40.39,4270.862
05 38 47.74,-07 06 14.88,3574.358
05 38 47.83,-07 44 32.72,3117.149
05 38 47.93,-07 05 06.05,3228.712
05 38 48.85,-07 00 43.27,3330.783
05 38 49.34,-07 29 52.72,3546.327
05 38 50.01,-07 20 18.44,4101.206
05 38 50.30,-08 02 57.20,5992.7
05 38 51.49,-08 01 27.54,3138.107
05 38 51.97,-07 28 28.98,5839.921
05 38 52.04,-07 07 09.87,4110.292
05 38 52.37,-07 21 09.60,4347.7
05 38 52.88,-07 00 24.20,3567.559
05 38 53.65,-08 04 05.34,5243.5
05 38 53.67,-07 56 17.88,3326.3
05 38 54.37,-07 28 01.40,4363.487
05 38 54.52,-07 27 52.05,3497.611
05 38 55.28,-06 51 18.46,5796.219
05 38 55.74,-08 20 43.85,6243.6
05 38 58.33,-06 49 11.62,3832.403
05 38 58.63,-07 16 45.77,6805.011
05 38 58.80,-06 59 10.68,3358.389
05 38 59.80,-07 55 47.15,5002.759
05 39 00.07,-08 06 21.27,3580.8
05 39 01.23,-07 01 09.54,3368.724
05 39 01.70,-08 08 12.26,6035.5
05 39 02.89,-07 29 40.17,5432.607
05 39 03.42,-08 20 18.03,6997.6
05 39 04.16,-07 03 29.95,3792.192
05 39 05.37,-07 11 05.25,3434.33
05 39 05.75,-07 53 09.50,6999.3
05 39 08.23,-08 04 55.37,6698.864
05 39 08.95,-08 10 54.29,5296.9
05 39 09.11,-07 54 36.00,3346.162
05 39 09.51,-08 01 06.33,6093.988
05 39 09.88,-08 10 57.65,6998.3
05 39 12.38,-07 03 44.61,5788.762
05 39 12.83,-07 36 53.36,5553.9
05 39 18.63,-07 00 08.64,4206.619
05 39 18.63,-07 27 50.85,3550.27
05 39 19.06,-06 55 16.50,4304.496
05 39 19.27,-07 06 44.00,3237.919
05 39 21.48,-07 23 30.04,3283.801
05 39 21.70,-07 47 18.52,5488.681
05 39 22.33,-07 26 44.51,3757.448
05 39 22.39,-08 11 52.88,6270.6
05 39 23.56,-07 23 43.66,5610.923
05 39 25.99,-08 04 06.84,3430.196
05 39 26.33,-08 19 42.22,6318.3
05 39 26.46,-08 10 54.52,5579.2
05 39 27.19,-07 29 01.93,3344.634
05 39 27.59,-06 56 24.44,5523.996
05 39 27.62,-07 51 53.61,4403.8
05 39 28.00,-08 04 47.09,3450.25
05 39 29.58,-08 08 55.46,5782.7
05 39 31.57,-07 00 22.81,5302.847
05 39 32.15,-08 30 44.05,6155.8
05 39 32.42,-07 12 11.95,6638.455
05 39 32.49,-07 31 28.91,5186.679
05 39 36.32,-07 43 51.16,3534.354
05 39 36.43,-07 00 58.52,3247.056
05 39 36.93,-07 58 59.11,6072.641
05 39 38.22,-06 54 36.65,6897.851
05 39 38.33,-07 46 14.89,5243.0
05 39 38.85,-07 10 36.21,3864.841
05 39 40.00,-08 00 04.08,6188.903
05 39 40.42,-07 53 43.81,6152.022
05 39 40.58,-06 57 09.91,6017.967
05 39 41.69,-08 22 12.63,5481.4
05 39 41.89,-07 32 20.77,4463.521
05 39 43.40,-07 20 20.89,3719.482
05 39 45.82,-07 22 37.38,4079.788
05 39 46.63,-07 50 42.05,6150.144
05 39 46.70,-08 34 58.01,6238.973
05 39 46.91,-07 43 18.18,3228.175
05 39 47.93,-08 13 17.10,6426.5
05 39 49.42,-07 50 16.45,6340.0
05 39 50.09,-08 17 09.01,6172.6
05 39 50.68,-07 23 30.64,3434.939
05 39 52.12,-08 20 44.51,3706.4
05 39 52.77,-08 10 09.54,6416.4
05 39 53.33,-07 15 36.55,5738.086
05 39 53.60,-08 11 31.51,6918.5
05 39 53.77,-08 28 03.69,6935.8
05 39 54.11,-07 27 26.40,6536.307
05 39 54.42,-07 09 26.06,3146.541
05 39 54.76,-08 10 11.22,5300.7
05 39 55.13,-07 08 11.17,5278.766
05 39 56.34,-08 24 25.34,5316.9
05 39 57.46,-07 05 12.11,4454.42
05 39 58.27,-07 37 12.94,4438.817
05 39 58.61,-07 52 40.84,6964.85
05 39 58.91,-07 25 33.57,3563.998
05 39 59.53,-08 32 30.78,6020.6
05 40 01.30,-09 20 04.47,6494.3
05 40 02.64,-07 43 11.50,4440.3
05 40 02.76,-07 51 10.40,6440.872
05 40 03.14,-08 31 33.07,3491.55
05 40 03.65,-07 54 21.28,3547.95
05 40 05.63,-08 47 40.49,4429.1
05 40 05.97,-08 19 35.43,6622.7
05 40 06.27,-07 47 44.60,3388.728
05 40 06.28,-08 34 53.42,6902.6
05 40 06.59,-07 24 01.88,3466.855
05 40 06.76,-07 56 55.51,5280.927
05 40 07.55,-07 16 06.01,6028.458
05 40 07.94,-08 46 28.12,5778.22
05 40 08.65,-08 36 02.61,6004.0
05 40 09.03,-07 09 02.69,4346.366
05 40 09.41,-09 03 09.24,4984.0
05 40 09.82,-07 09 54.14,3357.341
05 40 09.91,-08 39 11.09,5319.371
05 40 10.36,-07 27 38.43,3934.008
05 40 11.02,-09 30 22.80,6056.1
05 40 11.34,-09 29 40.46,4095.2
05 40 11.57,-07 30 40.90,3279.65
05 40 12.41,-09 16 06.43,6904.7
05 40 13.73,-08 45 13.48,6092.3
05 40 13.79,-07 32 16.00,3065.625
05 40 13.84,-08 14 34.95,6236.3
05 40 13.92,-07 19 25.60,3669.97
05 40 14.13,-07 53 46.73,3459.239
05 40 15.32,-07 28 46.92,3819.59
05 40 15.71,-07 06 52.07,5986.574
05 40 16.84,-07 19 07.05,3114.645
05 40 17.17,-07 49 14.49,4374.42
05 40 17.23,-09 01 58.77,3431.31
05 40 17.36,-08 09 46.41,4190.6
05 40 17.63,-09 16 54.60,4462.3
05 40 17.88,-07 16 48.36,5390.658
05 40 17.91,-08 13 29.46,6500.7
05 40 19.23,-07 26 58.52,3642.042
05 40 19.41,-08 14 16.36,4520.5
05 40 20.25,-08 37 52.87,6064.0
05 40 20.31,-07 56 24.93,3552.199
05 40 20.40,-07 25 54.08,3526.417
05 40 20.47,-09 11 57.23,4396.1
05 40 20.73,-07 55 00.04,4003.4
05 40 20.89,-07 13 21.53,5524.589
05 40 21.03,-08 57 40.70,5709.15
05 40 21.62,-08 09 04.06,3470.85
05 40 21.76,-08 39 13.77,5721.199
05 40 21.84,-08 08 55.93,3448.65
05 40 24.36,-08 23 36.97,4424.2
05 40 24.45,-08 24 10.68,5307.9
05 40 24.87,-09 36 17.57,5816.2
05 40 24.97,-07 55 35.31,3280.113
05 40 24.97,-08 07 33.23,4552.4
05 40 25.79,-07 48 18.65,3702.27
05 40 26.59,-08 45 53.34,5125.724
05 40 27.14,-08 07 36.54,3166.0
05 40 27.31,-07 25 44.41,3473.648
05 40 27.84,-07 55 36.52,3456.75
05 40 28.19,-07 27 30.67,3000.198
05 40 29.04,-08 31 37.76,5502.9
05 40 29.46,-09 17 03.69,3541.3
05 40 29.89,-07 55 12.35,5994.4
05 40 30.37,-09 35 53.40,3809.0
05 40 30.88,-09 01 18.10,3493.385
05 40 31.59,-08 50 51.49,5924.658
05 40 31.88,-08 40 54.20,5571.288
05 40 32.43,-08 06 39.03,6058.5
05 40 33.34,-09 10 34.18,3613.2
05 40 33.87,-08 13 17.95,3362.35
05 40 34.85,-08 36 03.50,3681.0
05 40 36.21,-08 48 01.62,6797.059
05 40 36.89,-08 53 48.11,6999.257
05 40 36.98,-09 11 17.13,6228.9
05 40 37.38,-09 20 30.96,3834.4
05 40 37.78,-07 37 51.55,4057.185
05 40 41.44,-09 36 26.07,4128.6
05 40 43.02,-09 41 29.84,6603.8
05 40 44.05,-08 21 22.83,3843.0
05 40 44.15,-09 38 45.90,4478.4
05 40 44.18,-07 45 09.63,4616.1
05 40 44.18,-08 07 34.96,3597.4
05 40 44.36,-08 59 15.31,5414.3
05 40 44.49,-09 38 41.51,6037.6
05 40 44.62,-09 20 55.79,3481.15
05 40 44.67,-07 29 54.44,3542.807
05 40 44.70,-07 38 04.83,5806.696
05 40 45.12,-07 22 25.04,4232.99
05 40 46.40,-08 04 36.11,4108.6
05 40 46.62,-08 07 12.82,4331.5
05 40 46.66,-07 54 27.67,5294.7
05 40 46.84,-08 04 54.62,3441.9
05 40 47.21,-09 40 18.89,6997.9
05 40 47.39,-09 35 06.19,5777.124
05 40 48.07,-08 05 58.67,4392.076
05 40 48.52,-09 23 46.81,4082.623
05 40 48.64,-09 30 23.08,6181.127
05 40 48.88,-08 51 15.27,4415.392
05 40 49.32,-07 46 32.74,3925.261
05 40 50.06,-09 34 34.02,4939.9
05 40 50.87,-07 53 42.73,5237.97
05 40 51.79,-07 37 13.80,4811.568
05 40 51.80,-08 15 19.02,2932.993
05 40 52.00,-07 41 44.71,4413.709
05 40 53.43,-08 14 58.05,4444.522
05 40 54.56,-08 30 11.57,3355.15
05 40 55.22,-07 57 04.83,5205.8
05 40 55.30,-08 13 16.96,5459.546
05 40 56.01,-08 24 59.54,3415.323
05 40 57.49,-07 48 08.77,3848.408
05 40 57.97,-07 55 40.16,3455.75
05 40 58.68,-09 18 07.34,3350.189
05 40 58.74,-09 22 37.71,4342.5
05 40 59.17,-09 19 47.52,3446.2
05 40 59.53,-09 13 00.80,6607.255
05 41 00.39,-08 03 16.06,7000.015
05 41 01.38,-07 57 02.93,4378.333
05 41 04.27,-09 01 37.51,5669.089
05 41 04.63,-07 45 40.32,3799.306
05 41 05.49,-07 47 07.49,4311.114
05 41 05.52,-09 18 48.22,4194.0
05 41 05.63,-09 21 06.96,4101.074
05 41 05.71,-07 41 40.19,5013.706
05 41 06.31,-07 45 38.68,3804.4
05 41 06.35,-08 10 00.62,5479.578
05 41 07.45,-09 02 17.17,3361.35
05 41 07.65,-08 49 16.47,4538.576
05 41 09.16,-09 14 04.51,3703.195
05 41 09.19,-09 24 23.08,5314.355
05 41 09.23,-09 21 53.73,3359.45
05 41 09.28,-08 20 14.38,4135.8
05 41 10.17,-08 05 27.87,5187.9
05 41 10.70,-07 38 45.48,3348.021
05 41 11.08,-09 33 52.78,4984.7
05 41 12.09,-07 28 23.74,5305.015
05 41 13.53,-09 07 18.73,5789.4
05 41 14.03,-08 07 57.40,3535.85
05 41 14.73,-09 28 55.97,3238.4
05 41 15.23,-09 38 04.24,5159.2
05 41 15.24,-07 52 11.11,4463.0
05 41 15.38,-09 36 50.22,6221.1
05 41 15.95,-09 11 57.29,4176.6
05 41 16.18,-09 30 16.95,3535.15
05 41 16.33,-07 35 36.20,3247.157
05 41 16.44,-09 05 28.58,6185.0
05 41 16.60,-09 40 00.27,4402.7
05 41 16.81,-07 42 59.91,3493.521
05 41 16.86,-07 31 25.69,3464.866
05 41 19.03,-09 17 55.17,5819.2
05 41 19.13,-08 00 42.80,4405.5
05 41 19.17,-08 24 47.31,4042.6
05 41 19.27,-09 37 45.39,6287.5
05 41 19.92,-08 45 45.92,6905.2
05 41 21.79,-08 51 07.69,5737.4
05 41 22.94,-08 39 10.97,3443.65
05 41 24.10,-09 40 55.26,4138.2
05 41 24.70,-08 35 13.43,6500.3
05 41 25.03,-09 30 04.96,5334.3
05 41 27.09,-08 28 02.15,4535.7
05 41 27.71,-09 31 41.40,4045.0
05 41 27.83,-09 11 00.70,6574.9
05 41 30.34,-08 04 42.38,3255.75
05 41 30.38,-09 12 26.87,3526.55
05 41 30.59,-08 04 48.24,4571.7
05 41 30.64,-09 02 47.07,5521.4
05 41 31.33,-07 55 11.90,3539.15
05 41 32.24,-08 47 05.13,5999.5
05 41 32.53,-09 31 21.96,6595.3
05 41 33.16,-07 52 53.79,4169.2
05 41 33.22,-07 55 02.24,3958.8
05 41 33.38,-07 59 56.27,3547.8
05 41 34.67,-07 51 00.82,5482.2
05 41 35.62,-09 58 59.51,3925.2
05 41 35.73,-08 59 27.70,6587.841
05 41 36.13,-08 32 32.79,4563.952
05 41 36.39,-08 07 06.30,3713.4
05 41 37.38,-09 07 51.13,3588.0
05 41 38.30,-07 34 09.57,6234.011
05 41 40.64,-09 09 58.36,5735.5
05 41 42.33,-07 43 43.77,6603.6
05 41 42.46,-08 37 07.53,4362.4
05 41 43.74,-07 58 22.35,2925.85
05 41 44.11,-09 18 58.10,6297.6
05 41 44.80,-08 39 13.46,5002.1
05 41 44.87,-08 21 30.61,3929.171
05 41 47.29,-09 35 33.55,4191.6
05 41 48.96,-09 32 05.56,6776.1
05 41 49.28,-08 51 04.03,5310.84
05 41 49.74,-08 00 32.25,4515.724
05 41 49.80,-08 35 08.07,5513.8
05 41 49.85,-09 38 27.25,3846.8
05 41 50.42,-09 30 32.30,6569.206
05 41 53.63,-08 07 32.69,4111.189
05 41 54.04,-09 02 58.59,5690.5
05 41 54.05,-07 49 53.48,3524.813
05 41 54.66,-07 59 12.41,4269.0
05 41 54.67,-07 53 21.73,4094.527
05 41 55.19,-08 59 54.38,5535.771
05 41 59.64,-09 14 27.22,5694.8
05 42 00.01,-09 33 13.41,6275.9
05 42 00.78,-08 58 55.42,5241.057
05 42 01.52,-07 56 15.40,3258.422
05 42 02.94,-07 56 20.90,4350.4
05 42 04.29,-08 47 49.91,6178.345
05 42 04.97,-08 56 23.58,5788.9
05 42 05.17,-08 11 26.63,3941.315
05 42 05.60,-07 48 19.67,3439.191
05 42 06.76,-07 46 32.83,6389.398
05 42 07.52,-08 02 56.95,5388.335
05 42 08.01,-08 12 02.82,4337.892
05 42 09.11,-08 23 43.66,3401.488
05 42 11.36,-08 37 53.61,5168.753
05 42 11.73,-08 02 36.03,3348.954
05 42 11.91,-09 02 14.91,5770.398
05 42 12.42,-08 05 49.56,4530.169
05 42 12.69,-09 24 17.22,5108.146
05 42 12.83,-07 56 25.18,5211.14
05 42 13.03,-09 37 21.45,5502.571
05 42 14.30,-07 58 35.23,4767.14
05 42 15.42,-08 53 34.28,5517.355
05 42 15.50,-08 06 24.35,4632.287
05 42 16.73,-09 17 53.44,5979.236
05 42 17.66,-08 03 42.61,3908.647
05 42 18.13,-09 20 46.34,4466.72
05 42 18.16,-07 58 50.06,4389.41
05 42 20.94,-07 57 04.22,5627.156
05 42 21.82,-08 12 46.85,3912.034
05 42 21.94,-07 55 34.95,6986.939
05 42 23.94,-08 09 45.93,4354.265
05 42 24.14,-08 44 14.72,5681.257
05 42 24.59,-08 05 07.74,3513.351
05 42 24.70,-08 53 51.28,3974.415
05 42 24.78,-08 52 46.07,4049.14
05 42 25.17,-09 17 48.38,4619.522
05 42 25.32,-08 10 18.02,4180.364
05 42 25.65,-09 33 22.26,6493.2
05 42 26.42,-07 58 56.72,3570.8
05 42 27.16,-07 56 03.82,5680.9
05 42 27.89,-08 26 37.34,6303.9
05 42 28.25,-09 01 39.12,5717.1
05 42 28.68,-08 09 12.47,4811.5
05 42 29.17,-07 58 29.44,3275.6
05 42 29.42,-09 09 36.54,5321.6
05 42 29.78,-08 07 26.42,3594.0
05 42 30.13,-08 10 18.51,4096.0
05 42 30.62,-08 32 55.21,5038.1
05 42 30.81,-08 09 05.59,3367.35
05 42 32.23,-08 38 50.33,4219.4
05 42 32.44,-08 07 24.16,3886.4
05 42 33.09,-08 49 01.77,3062.05
05 42 33.34,-07 53 12.75,5491.2
05 42 34.02,-08 09 59.68,4405.3
05 42 36.74,-07 58 42.00,6601.2
05 42 37.70,-08 25 15.51,3354.75
05 42 38.30,-07 56 46.08,4370.2
05 42 38.31,-08 41 01.74,3575.8
05 42 39.05,-09 24 55.37,5138.4
05 42 39.36,-08 26 28.25,3999.6
05 42 39.73,-08 54 12.06,3907.6
05 42 39.83,-09 21 46.09,3540.45
05 42 40.74,-08 26 11.58,4253.7
05 42 40.81,-08 40 08.61,3451.0
05 42 41.72,-08 11 11.31,4438.0
05 42 42.10,-08 15 15.27,3336.4
05 42 43.18,-09 21 09.36,4326.8
05 42 43.60,-09 08 55.87,6255.7
05 42 43.77,-09 10 38.54,4407.4
05 42 43.84,-09 10 43.33,3458.65
05 42 45.56,-08 14 54.30,3901.0
05 42 46.10,-08 40 00.74,4476.5
05 42 46.61,-09 20 43.89,6221.4
05 42 47.12,-08 37 57.22,3848.0
05 42 48.71,-08 38 31.10,4075.0
05 42 48.90,-08 11 24.21,4277.9
05 42 48.99,-08 15 00.41,3501.095
05 42 49.08,-08 07 03.05,3510.45
05 42 49.13,-08 20 37.06,3361.75
05 42 49.79,-08 12 10.34,4202.313
05 42 49.92,-08 08 19.12,4369.268
05 42 49.99,-08 39 02.82,3095.65
05 42 50.51,-08 39 57.69,4489.8
05 42 50.65,-08 13 39.46,5305.046
05 42 50.73,-09 06 46.79,6015.9
05 42 51.53,-08 07 17.72,3454.85
05 42 53.30,-09 18 21.20,5311.275
05 42 53.60,-08 20 22.62,4403.182
05 42 53.75,-08 57 27.76,3949.0
05 42 53.93,-08 38 24.71,4139.6
05 42 54.74,-08 05 01.97,5660.012
05 42 56.24,-08 15 06.62,3526.5
05 42 56.94,-08 22 50.29,3604.6
05 42 57.31,-08 36 18.44,5205.159
05 42 58.28,-09 24 31.72,5726.8
05 42 58.33,-08 20 06.92,3533.2
05 42 58.47,-09 17 40.17,5126.467
05 42 58.49,-08 43 38.94,3514.037
05 42 59.17,-08 16 01.40,3554.4
05 43 00.43,-08 02 33.95,3946.072
05 43 00.87,-09 14 59.24,3338.6
05 43 01.78,-08 04 50.62,4463.9
05 43 03.92,-08 39 09.50,3663.531
05 43 04.43,-08 48 52.29,5761.465
05 43 04.57,-08 16 39.22,3592.4
05 43 05.83,-08 07 57.50,3237.7
05 43 07.79,-09 12 55.41,4250.651
05 43 08.17,-08 16 40.35,3459.45
05 43 10.72,-08 31 50.05,4903.855
05 43 12.63,-08 34 42.05,4251.553
05 43 12.95,-08 18 03.30,6401.927
05 43 16.24,-08 17 56.72,3526.739
05 43 16.38,-08 28 14.87,5565.17
05 43 16.49,-08 43 53.09,5793.914
05 43 17.37,-09 13 51.37,3094.633
05 43 18.71,-09 16 44.76,6006.742
05 43 19.17,-09 10 15.12,3934.998
05 43 19.59,-08 35 59.53,5258.965
05 43 20.19,-08 34 48.67,5647.159
05 43 26.05,-08 29 31.38,5298.735
05 43 28.65,-09 05 34.07,6099.778
05 43 31.07,-09 12 54.80,5943.788
05 43 33.66,-08 29 50.72,3177.916
05 43 37.42,-09 03 52.50,3519.71
05 43 38.13,-09 20 04.10,3799.416
05 43 38.64,-08 57 57.94,4948.785
05 43 39.79,-09 20 46.43,6016.949
05 43 41.63,-08 53 26.40,3533.681
05 43 41.93,-09 02 29.99,6045.406
05 43 42.91,-08 49 07.09,3839.252
05 43 43.37,-08 55 22.38,5522.771
05 43 46.51,-08 18 52.11,3536.59
05 43 47.33,-09 18 56.99,5536.713
05 43 49.60,-09 07 31.16,6621.417
05 34 56.48,-05 31 36.16,3483.964
05 39 14.86,-07 49 44.16,3210.465
05 39 35.61,-08 10 46.80,3314.184
05 39 43.85,-07 53 53.81,3213.347
05 40 13.58,-08 28 13.76,3575.361
05 40 19.86,-08 16 37.92,3526.692
05 40 20.55,-07 56 39.86,4452.338
05 40 25.75,-08 11 16.84,3319.005
05 40 37.36,-08 04 03.02,5874.063
05 40 41.01,-08 02 18.61,4392.837
05 40 41.92,-09 53 11.41,6231.381
05 40 43.37,-07 57 53.02,5582.363
05 40 48.54,-08 11 08.92,3359.432
05 40 50.50,-08 55 22.22,3609.634
05 40 54.44,-08 34 44.26,6118.724
05 40 59.75,-08 06 03.24,3070.333
05 41 00.08,-08 13 54.81,3107.346
05 41 04.09,-07 43 38.55,3357.005
05 41 04.40,-08 58 07.40,4012.736
05 41 12.14,-08 58 52.66,3511.938
05 41 13.27,-09 15 06.29,4795.82
05 41 14.87,-08 59 57.11,3905.735
05 41 18.39,-07 43 13.30,4264.267
05 41 19.56,-08 40 38.84,4142.207
05 41 20.33,-08 15 23.17,3464.163
05 41 23.17,-08 44 01.59,3525.283
05 41 23.22,-08 59 43.05,3777.802
05 41 24.52,-08 56 32.06,4309.85
05 41 25.35,-08 05 54.72,3586.511
05 41 25.86,-07 49 50.69,4314.33
05 41 26.51,-08 58 39.45,4361.079
05 41 26.70,-08 42 24.51,3435.232
05 41 35.91,-09 29 35.04,5842.689
05 41 42.09,-09 05 00.29,4313.506
05 41 44.65,-08 04 38.56,4016.549
05 41 49.23,-07 57 12.27,3346.095
05 41 51.34,-07 51 48.38,3339.586
05 42 01.49,-08 06 52.46,3121.235
05 42 05.47,-08 38 28.41,3446.04
05 42 05.59,-08 01 05.60,3446.009
05 42 08.61,-08 22 13.79,4313.46
05 42 11.58,-08 08 05.19,4867.416
05 42 19.29,-08 19 28.78,4539.176
05 42 21.30,-08 08 00.14,6999.561
05 42 22.36,-09 55 13.88,6739.246
05 42 22.66,-08 23 55.90,3442.616
05 42 31.46,-08 17 43.95,4263.629
05 42 32.93,-08 13 25.91,3778.59
05 42 35.61,-08 15 02.01,3407.727
05 42 36.51,-08 11 51.45,4108.731
05 42 38.23,-08 16 35.25,4273.809
05 42 42.32,-08 06 21.50,6999.406
05 42 42.42,-08 48 14.04,3525.425
05 42 43.07,-08 18 35.10,4548.542
05 42 43.99,-08 09 26.78,3943.601
05 42 45.01,-08 33 35.87,3651.856
05 42 45.77,-08 05 15.02,6782.505
05 42 48.15,-08 16 25.00,4148.214
05 42 49.31,-08 45 15.97,3303.618
05 42 58.55,-08 18 51.70,3348.924
05 43 00.63,-08 08 40.75,4603.29
05 43 04.41,-08 18 10.60,3403.697
05 43 05.93,-08 21 50.54,3294.628
05 43 14.98,-08 06 46.59,6999.761
05 43 19.02,-08 16 29.44,3894.581
05 43 24.65,-08 13 27.53,3384.872
05 43 39.31,-08 56 15.88,6994.603
05 43 43.63,-08 34 16.43,3711.232
